[{
    "pk": 1,
    "model": "contenttypes.contenttype",
    "fields": {
        "model": "permission",
        "name": "permission",
        "app_label": "auth"
    }
}, {
    "pk": 2,
    "model": "contenttypes.contenttype",
    "fields": {
        "model": "group",
        "name": "group",
        "app_label": "auth"
    }
}, {
    "pk": 3,
    "model": "contenttypes.contenttype",
    "fields": {
        "model": "user",
        "name": "user",
        "app_label": "auth"
    }
}, {
    "pk": 4,
    "model": "contenttypes.contenttype",
    "fields": {
        "model": "contenttype",
        "name": "content type",
        "app_label": "contenttypes"
    }
}, {
    "pk": 5,
    "model": "contenttypes.contenttype",
    "fields": {
        "model": "session",
        "name": "session",
        "app_label": "sessions"
    }
}, {
    "pk": 6,
    "model": "contenttypes.contenttype",
    "fields": {
        "model": "site",
        "name": "site",
        "app_label": "sites"
    }
}, {
    "pk": 7,
    "model": "contenttypes.contenttype",
    "fields": {
        "model": "logentry",
        "name": "log entry",
        "app_label": "admin"
    }
}, {
    "pk": 8,
    "model": "contenttypes.contenttype",
    "fields": {
        "model": "migrationhistory",
        "name": "migration history",
        "app_label": "south"
    }
}, {
    "pk": 9,
    "model": "contenttypes.contenttype",
    "fields": {
        "model": "keymap",
        "name": "key map",
        "app_label": "django_select2"
    }
}, {
    "pk": 10,
    "model": "contenttypes.contenttype",
    "fields": {
        "model": "request",
        "name": "request",
        "app_label": "httpproxy"
    }
}, {
    "pk": 11,
    "model": "contenttypes.contenttype",
    "fields": {
        "model": "requestparameter",
        "name": "request parameter",
        "app_label": "httpproxy"
    }
}, {
    "pk": 12,
    "model": "contenttypes.contenttype",
    "fields": {
        "model": "response",
        "name": "response",
        "app_label": "httpproxy"
    }
}, {
    "pk": 13,
    "model": "contenttypes.contenttype",
    "fields": {
        "model": "counties",
        "name": "Kenya Counties",
        "app_label": "locations"
    }
}, {
    "pk": 14,
    "model": "contenttypes.contenttype",
    "fields": {
        "model": "sourcedocument",
        "name": "source document",
        "app_label": "proxy"
    }
}, {
    "pk": 15,
    "model": "contenttypes.contenttype",
    "fields": {
        "model": "childdocument",
        "name": "child document",
        "app_label": "proxy"
    }
}, {
    "pk": 16,
    "model": "contenttypes.contenttype",
    "fields": {
        "model": "training",
        "name": "training",
        "app_label": "training"
    }
}, {
    "pk": 17,
    "model": "contenttypes.contenttype",
    "fields": {
        "model": "revision",
        "name": "revision",
        "app_label": "reversion"
    }
}, {
    "pk": 18,
    "model": "contenttypes.contenttype",
    "fields": {
        "model": "version",
        "name": "version",
        "app_label": "reversion"
    }
}, {
    "pk": 19,
    "model": "contenttypes.contenttype",
    "fields": {
        "model": "source",
        "name": "source",
        "app_label": "easy_thumbnails"
    }
}, {
    "pk": 20,
    "model": "contenttypes.contenttype",
    "fields": {
        "model": "thumbnail",
        "name": "thumbnail",
        "app_label": "easy_thumbnails"
    }
}, {
    "pk": 21,
    "model": "contenttypes.contenttype",
    "fields": {
        "model": "userenasignup",
        "name": "userena registration",
        "app_label": "userena"
    }
}, {
    "pk": 22,
    "model": "contenttypes.contenttype",
    "fields": {
        "model": "organization",
        "name": "organization",
        "app_label": "accounts"
    }
}, {
    "pk": 23,
    "model": "contenttypes.contenttype",
    "fields": {
        "model": "emaildomain",
        "name": "email domain",
        "app_label": "accounts"
    }
}, {
    "pk": 24,
    "model": "contenttypes.contenttype",
    "fields": {
        "model": "userprofile",
        "name": "user profile",
        "app_label": "accounts"
    }
}, {
    "pk": 25,
    "model": "contenttypes.contenttype",
    "fields": {
        "model": "userauthorization",
        "name": "user authorization",
        "app_label": "accounts"
    }
}, {
    "pk": 26,
    "model": "contenttypes.contenttype",
    "fields": {
        "model": "setting",
        "name": "setting",
        "app_label": "core"
    }
}, {
    "pk": 27,
    "model": "contenttypes.contenttype",
    "fields": {
        "model": "project",
        "name": "project",
        "app_label": "core"
    }
}, {
    "pk": 28,
    "model": "contenttypes.contenttype",
    "fields": {
        "model": "job",
        "name": "job",
        "app_label": "core"
    }
}, {
    "pk": 29,
    "model": "contenttypes.contenttype",
    "fields": {
        "model": "aoi",
        "name": "Area of Interest",
        "app_label": "core"
    }
}, {
    "pk": 30,
    "model": "contenttypes.contenttype",
    "fields": {
        "model": "comment",
        "name": "comment",
        "app_label": "core"
    }
}, {
    "pk": 31,
    "model": "contenttypes.contenttype",
    "fields": {
        "model": "organization",
        "name": "organization",
        "app_label": "core"
    }
}, {
    "pk": 32,
    "model": "contenttypes.contenttype",
    "fields": {
        "model": "layer",
        "name": "layer",
        "app_label": "maps"
    }
}, {
    "pk": 33,
    "model": "contenttypes.contenttype",
    "fields": {
        "model": "map",
        "name": "map",
        "app_label": "maps"
    }
}, {
    "pk": 34,
    "model": "contenttypes.contenttype",
    "fields": {
        "model": "maplayer",
        "name": "map layer",
        "app_label": "maps"
    }
}, {
    "pk": 35,
    "model": "contenttypes.contenttype",
    "fields": {
        "model": "maplayeruserrememberedparams",
        "name": "map layer user remembered params",
        "app_label": "maps"
    }
}, {
    "pk": 36,
    "model": "contenttypes.contenttype",
    "fields": {
        "model": "editablemaplayer",
        "name": "editable map layer",
        "app_label": "maps"
    }
}, {
    "pk": 37,
    "model": "contenttypes.contenttype",
    "fields": {
        "model": "feature",
        "name": "feature",
        "app_label": "maps"
    }
}, {
    "pk": 38,
    "model": "contenttypes.contenttype",
    "fields": {
        "model": "featuretype",
        "name": "feature type",
        "app_label": "maps"
    }
}, {
    "pk": 39,
    "model": "contenttypes.contenttype",
    "fields": {
        "model": "geoeventssource",
        "name": "geoevents source",
        "app_label": "maps"
    }
}, {
    "pk": 40,
    "model": "contenttypes.contenttype",
    "fields": {
        "model": "topic",
        "name": "topic",
        "app_label": "feedback"
    }
}, {
    "pk": 41,
    "model": "contenttypes.contenttype",
    "fields": {
        "model": "feedback",
        "name": "feedback",
        "app_label": "feedback"
    }
}, {
    "pk": 42,
    "model": "contenttypes.contenttype",
    "fields": {
        "model": "messagecontact",
        "name": "contact",
        "app_label": "umessages"
    }
}, {
    "pk": 43,
    "model": "contenttypes.contenttype",
    "fields": {
        "model": "messagerecipient",
        "name": "recipient",
        "app_label": "umessages"
    }
}, {
    "pk": 44,
    "model": "contenttypes.contenttype",
    "fields": {
        "model": "message",
        "name": "message",
        "app_label": "umessages"
    }
}, {
    "pk": 45,
    "model": "contenttypes.contenttype",
    "fields": {
        "model": "userobjectpermission",
        "name": "user object permission",
        "app_label": "guardian"
    }
}, {
    "pk": 46,
    "model": "contenttypes.contenttype",
    "fields": {
        "model": "groupobjectpermission",
        "name": "group object permission",
        "app_label": "guardian"
    }
}, {
    "pk": "9fu9in328n7fclwrnirs9lonfnwi691z",
    "model": "sessions.session",
    "fields": {
        "expire_date": "2018-03-06T15:30:05.599Z",
        "session_data": "MDg4NDIxZjIxZjZjNmNkNTI4ZjY2YWM5NmVjMzRlODE0MDAxNWMxZDqAAn1xAS4="
    }
}, {
    "pk": "zxdqv4r1tbt2ugcggxhlvw9psojwbmpx",
    "model": "sessions.session",
    "fields": {
        "expire_date": "2018-03-21T20:02:22.821Z",
        "session_data": "ODhiZmM4OWRkMThkMDZlOTJkNDFiN2MzOGIyNjUzZjMxZTk5MzJlYTqAAn1xAShYDwAAAF9zZXNzaW9uX2V4cGlyeXECSgCNJwBVEl9hdXRoX3VzZXJfYmFja2VuZHEDVS11c2VyZW5hLmJhY2tlbmRzLlVzZXJlbmFBdXRoZW50aWNhdGlvbkJhY2tlbmRxBFUNX2F1dGhfdXNlcl9pZHEFSwd1Lg=="
    }
}, {
    "pk": 1,
    "model": "sites.site",
    "fields": {
        "domain": "example.com",
        "name": "example.com"
    }
}, {
    "pk": 1,
    "model": "south.migrationhistory",
    "fields": {
        "applied": "2018-02-19T09:36:00.905Z",
        "app_name": "reversion",
        "migration": "0001_initial"
    }
}, {
    "pk": 2,
    "model": "south.migrationhistory",
    "fields": {
        "applied": "2018-02-19T09:36:01.196Z",
        "app_name": "reversion",
        "migration": "0002_auto__add_field_version_type"
    }
}, {
    "pk": 3,
    "model": "south.migrationhistory",
    "fields": {
        "applied": "2018-02-19T09:36:01.274Z",
        "app_name": "reversion",
        "migration": "0003_auto__add_field_version_object_id_int"
    }
}, {
    "pk": 4,
    "model": "south.migrationhistory",
    "fields": {
        "applied": "2018-02-19T09:36:01.313Z",
        "app_name": "reversion",
        "migration": "0004_populate_object_id_int"
    }
}, {
    "pk": 5,
    "model": "south.migrationhistory",
    "fields": {
        "applied": "2018-02-19T09:36:01.597Z",
        "app_name": "reversion",
        "migration": "0005_auto__add_field_revision_manager_slug"
    }
}, {
    "pk": 6,
    "model": "south.migrationhistory",
    "fields": {
        "applied": "2018-02-19T09:36:02.422Z",
        "app_name": "easy_thumbnails",
        "migration": "0001_initial"
    }
}, {
    "pk": 7,
    "model": "south.migrationhistory",
    "fields": {
        "applied": "2018-02-19T09:36:02.658Z",
        "app_name": "easy_thumbnails",
        "migration": "0002_filename_indexes"
    }
}, {
    "pk": 8,
    "model": "south.migrationhistory",
    "fields": {
        "applied": "2018-02-19T09:36:03.013Z",
        "app_name": "easy_thumbnails",
        "migration": "0003_auto__add_storagenew"
    }
}, {
    "pk": 9,
    "model": "south.migrationhistory",
    "fields": {
        "applied": "2018-02-19T09:36:03.171Z",
        "app_name": "easy_thumbnails",
        "migration": "0004_auto__add_field_source_storage_new__add_field_thumbnail_storage_new"
    }
}, {
    "pk": 10,
    "model": "south.migrationhistory",
    "fields": {
        "applied": "2018-02-19T09:36:03.256Z",
        "app_name": "easy_thumbnails",
        "migration": "0005_storage_fks_null"
    }
}, {
    "pk": 11,
    "model": "south.migrationhistory",
    "fields": {
        "applied": "2018-02-19T09:36:03.303Z",
        "app_name": "easy_thumbnails",
        "migration": "0006_copy_storage"
    }
}, {
    "pk": 12,
    "model": "south.migrationhistory",
    "fields": {
        "applied": "2018-02-19T09:36:03.372Z",
        "app_name": "easy_thumbnails",
        "migration": "0007_storagenew_fks_not_null"
    }
}, {
    "pk": 13,
    "model": "south.migrationhistory",
    "fields": {
        "applied": "2018-02-19T09:36:03.403Z",
        "app_name": "easy_thumbnails",
        "migration": "0008_auto__del_field_source_storage__del_field_thumbnail_storage"
    }
}, {
    "pk": 14,
    "model": "south.migrationhistory",
    "fields": {
        "applied": "2018-02-19T09:36:03.424Z",
        "app_name": "easy_thumbnails",
        "migration": "0009_auto__del_storage"
    }
}, {
    "pk": 15,
    "model": "south.migrationhistory",
    "fields": {
        "applied": "2018-02-19T09:36:03.448Z",
        "app_name": "easy_thumbnails",
        "migration": "0010_rename_storage"
    }
}, {
    "pk": 16,
    "model": "south.migrationhistory",
    "fields": {
        "applied": "2018-02-19T09:36:03.909Z",
        "app_name": "easy_thumbnails",
        "migration": "0011_auto__add_field_source_storage_hash__add_field_thumbnail_storage_hash"
    }
}, {
    "pk": 17,
    "model": "south.migrationhistory",
    "fields": {
        "applied": "2018-02-19T09:36:03.950Z",
        "app_name": "easy_thumbnails",
        "migration": "0012_build_storage_hashes"
    }
}, {
    "pk": 18,
    "model": "south.migrationhistory",
    "fields": {
        "applied": "2018-02-19T09:36:04.097Z",
        "app_name": "easy_thumbnails",
        "migration": "0013_auto__del_storage__del_field_source_storage__del_field_thumbnail_stora"
    }
}, {
    "pk": 19,
    "model": "south.migrationhistory",
    "fields": {
        "applied": "2018-02-19T09:36:04.230Z",
        "app_name": "easy_thumbnails",
        "migration": "0014_auto__add_unique_source_name_storage_hash__add_unique_thumbnail_name_s"
    }
}, {
    "pk": 20,
    "model": "south.migrationhistory",
    "fields": {
        "applied": "2018-02-19T09:36:04.330Z",
        "app_name": "easy_thumbnails",
        "migration": "0015_auto__del_unique_thumbnail_name_storage_hash__add_unique_thumbnail_sou"
    }
}, {
    "pk": 21,
    "model": "south.migrationhistory",
    "fields": {
        "applied": "2018-02-19T09:36:04.579Z",
        "app_name": "userena",
        "migration": "0001_initial"
    }
}, {
    "pk": 22,
    "model": "south.migrationhistory",
    "fields": {
        "applied": "2018-02-19T09:36:04.907Z",
        "app_name": "accounts",
        "migration": "0001_initial"
    }
}, {
    "pk": 23,
    "model": "south.migrationhistory",
    "fields": {
        "applied": "2018-02-19T09:36:05.232Z",
        "app_name": "accounts",
        "migration": "0002_auto__add_organization__add_unique_organization_name_primary_contact__"
    }
}, {
    "pk": 24,
    "model": "south.migrationhistory",
    "fields": {
        "applied": "2018-02-19T09:36:05.478Z",
        "app_name": "accounts",
        "migration": "0003_auto__add_field_userprofile_score"
    }
}, {
    "pk": 25,
    "model": "south.migrationhistory",
    "fields": {
        "applied": "2018-02-19T09:36:05.836Z",
        "app_name": "accounts",
        "migration": "0004_auto__add_userauthorization__add_emaildomain__add_field_userprofile_em"
    }
}, {
    "pk": 26,
    "model": "south.migrationhistory",
    "fields": {
        "applied": "2018-02-19T09:36:06.026Z",
        "app_name": "accounts",
        "migration": "0005_auto__add_field_userauthorization_user_accepted_terms_on__chg_field_us"
    }
}, {
    "pk": 27,
    "model": "south.migrationhistory",
    "fields": {
        "applied": "2018-02-19T09:36:06.116Z",
        "app_name": "accounts",
        "migration": "0006_auto__add_field_userprofile_openbadge_id"
    }
}, {
    "pk": 28,
    "model": "south.migrationhistory",
    "fields": {
        "applied": "2018-02-19T09:36:06.430Z",
        "app_name": "accounts",
        "migration": "0007_auto__add_field_userprofile_last_activity"
    }
}, {
    "pk": 29,
    "model": "south.migrationhistory",
    "fields": {
        "applied": "2018-02-19T09:36:08.414Z",
        "app_name": "core",
        "migration": "0001_initial"
    }
}, {
    "pk": 30,
    "model": "south.migrationhistory",
    "fields": {
        "applied": "2018-02-19T09:36:08.974Z",
        "app_name": "maps",
        "migration": "0001_initial"
    }
}, {
    "pk": 31,
    "model": "south.migrationhistory",
    "fields": {
        "applied": "2018-02-19T09:36:09.366Z",
        "app_name": "maps",
        "migration": "0002_auto__add_feature"
    }
}, {
    "pk": 32,
    "model": "south.migrationhistory",
    "fields": {
        "applied": "2018-02-19T09:36:09.594Z",
        "app_name": "maps",
        "migration": "0003_auto__add_featuretype__del_field_feature_geometry__add_field_feature_t"
    }
}, {
    "pk": 33,
    "model": "south.migrationhistory",
    "fields": {
        "applied": "2018-02-19T09:36:10.113Z",
        "app_name": "maps",
        "migration": "0004_auto__chg_field_featuretype_style__chg_field_featuretype_properties__d"
    }
}, {
    "pk": 34,
    "model": "south.migrationhistory",
    "fields": {
        "applied": "2018-02-19T09:36:10.258Z",
        "app_name": "maps",
        "migration": "0005_added_geoeventssource"
    }
}, {
    "pk": 35,
    "model": "south.migrationhistory",
    "fields": {
        "applied": "2018-02-19T09:36:10.593Z",
        "app_name": "maps",
        "migration": "0006_auto__chg_field_geoeventssource_url__chg_field_layer_downloadableLink_"
    }
}, {
    "pk": 36,
    "model": "south.migrationhistory",
    "fields": {
        "applied": "2018-02-19T09:36:10.778Z",
        "app_name": "maps",
        "migration": "0007_auto__add_field_layer_disabled__add_field_layer_layer_info_link__add_f"
    }
}, {
    "pk": 37,
    "model": "south.migrationhistory",
    "fields": {
        "applied": "2018-02-19T09:36:11.306Z",
        "app_name": "maps",
        "migration": "0008_auto__add_field_feature_status__chg_field_layer_url"
    }
}, {
    "pk": 38,
    "model": "south.migrationhistory",
    "fields": {
        "applied": "2018-02-19T09:36:11.442Z",
        "app_name": "maps",
        "migration": "0009_auto__chg_field_map_zoom__chg_field_map_center_x__chg_field_map_center"
    }
}, {
    "pk": 39,
    "model": "south.migrationhistory",
    "fields": {
        "applied": "2018-02-19T09:36:11.619Z",
        "app_name": "maps",
        "migration": "0010_auto__add_field_featuretype_category"
    }
}, {
    "pk": 40,
    "model": "south.migrationhistory",
    "fields": {
        "applied": "2018-02-19T09:36:11.787Z",
        "app_name": "maps",
        "migration": "0011_auto__add_field_featuretype_order"
    }
}, {
    "pk": 41,
    "model": "south.migrationhistory",
    "fields": {
        "applied": "2018-02-19T09:36:11.862Z",
        "app_name": "maps",
        "migration": "0012_auto__add_field_featuretype_icon"
    }
}, {
    "pk": 42,
    "model": "south.migrationhistory",
    "fields": {
        "applied": "2018-02-19T09:36:11.947Z",
        "app_name": "maps",
        "migration": "0013__add_field_layer_dynamic_params"
    }
}, {
    "pk": 43,
    "model": "south.migrationhistory",
    "fields": {
        "applied": "2018-02-19T09:36:12.309Z",
        "app_name": "maps",
        "migration": "0014_add_map_layer_user_remembered_params"
    }
}, {
    "pk": 44,
    "model": "south.migrationhistory",
    "fields": {
        "applied": "2018-02-19T09:36:12.555Z",
        "app_name": "maps",
        "migration": "0015_auto__add_editablemaplayer"
    }
}, {
    "pk": 45,
    "model": "south.migrationhistory",
    "fields": {
        "applied": "2018-02-19T09:36:12.878Z",
        "app_name": "core",
        "migration": "0002_auto__add_field_job_map"
    }
}, {
    "pk": 46,
    "model": "south.migrationhistory",
    "fields": {
        "applied": "2018-02-19T09:36:13.146Z",
        "app_name": "core",
        "migration": "0003_add_supervisors_to_proj"
    }
}, {
    "pk": 47,
    "model": "south.migrationhistory",
    "fields": {
        "applied": "2018-02-19T09:36:13.382Z",
        "app_name": "core",
        "migration": "0004_auto__add_userprofile"
    }
}, {
    "pk": 48,
    "model": "south.migrationhistory",
    "fields": {
        "applied": "2018-02-19T09:36:13.925Z",
        "app_name": "core",
        "migration": "0005_auto"
    }
}, {
    "pk": 49,
    "model": "south.migrationhistory",
    "fields": {
        "applied": "2018-02-19T09:36:13.976Z",
        "app_name": "core",
        "migration": "0006_auto__del_userprofile"
    }
}, {
    "pk": 50,
    "model": "south.migrationhistory",
    "fields": {
        "applied": "2018-02-19T09:36:14.207Z",
        "app_name": "core",
        "migration": "0007_auto__add_field_job_grid"
    }
}, {
    "pk": 51,
    "model": "south.migrationhistory",
    "fields": {
        "applied": "2018-02-19T09:36:14.264Z",
        "app_name": "core",
        "migration": "0008_auto__add_field_job_tags"
    }
}, {
    "pk": 52,
    "model": "south.migrationhistory",
    "fields": {
        "applied": "2018-02-19T09:36:14.314Z",
        "app_name": "core",
        "migration": "0009_auto__add_field_aoi_properties__add_field_project_properties__add_fiel"
    }
}, {
    "pk": 53,
    "model": "south.migrationhistory",
    "fields": {
        "applied": "2018-02-19T09:36:14.529Z",
        "app_name": "core",
        "migration": "0010_auto__add_comment"
    }
}, {
    "pk": 54,
    "model": "south.migrationhistory",
    "fields": {
        "applied": "2018-02-19T09:36:14.686Z",
        "app_name": "core",
        "migration": "0011_auto__add_setting"
    }
}, {
    "pk": 55,
    "model": "south.migrationhistory",
    "fields": {
        "applied": "2018-02-19T09:36:14.875Z",
        "app_name": "core",
        "migration": "0012_auto__add_field_aoi_assignee_type__add_field_aoi_assignee_id__add_fiel"
    }
}, {
    "pk": 56,
    "model": "south.migrationhistory",
    "fields": {
        "applied": "2018-02-19T09:36:15.154Z",
        "app_name": "core",
        "migration": "0013_auto"
    }
}, {
    "pk": 57,
    "model": "south.migrationhistory",
    "fields": {
        "applied": "2018-02-19T09:36:15.644Z",
        "app_name": "core",
        "migration": "0014_auto"
    }
}, {
    "pk": 58,
    "model": "south.migrationhistory",
    "fields": {
        "applied": "2018-02-19T09:36:15.891Z",
        "app_name": "core",
        "migration": "0015_auto__add_organization"
    }
}, {
    "pk": 59,
    "model": "south.migrationhistory",
    "fields": {
        "applied": "2018-02-19T09:36:15.967Z",
        "app_name": "core",
        "migration": "0016_auto__del_field_organization_logo__add_field_organization_icon"
    }
}, {
    "pk": 60,
    "model": "south.migrationhistory",
    "fields": {
        "applied": "2018-02-19T09:36:16.304Z",
        "app_name": "core",
        "migration": "0017_auto__add_field_organization_order"
    }
}, {
    "pk": 61,
    "model": "south.migrationhistory",
    "fields": {
        "applied": "2018-02-19T09:36:16.704Z",
        "app_name": "core",
        "migration": "0018_auto__add_field_job_editor"
    }
}, {
    "pk": 62,
    "model": "south.migrationhistory",
    "fields": {
        "applied": "2018-02-19T09:36:16.840Z",
        "app_name": "core",
        "migration": "0019_auto__add_field_job_editable_layer"
    }
}, {
    "pk": 63,
    "model": "south.migrationhistory",
    "fields": {
        "applied": "2018-02-19T09:36:17.023Z",
        "app_name": "core",
        "migration": "0020_preload_maps_featuretype"
    }
}, {
    "pk": 64,
    "model": "south.migrationhistory",
    "fields": {
        "applied": "2018-02-19T09:36:17.095Z",
        "app_name": "core",
        "migration": "0021_auto__add_field_aoi_started_at__add_field_aoi_finished_at"
    }
}, {
    "pk": 65,
    "model": "south.migrationhistory",
    "fields": {
        "applied": "2018-02-19T09:36:17.188Z",
        "app_name": "core",
        "migration": "0022_auto__del_field_aoi_finished_at__del_field_aoi_started_at__add_field_a"
    }
}, {
    "pk": 66,
    "model": "south.migrationhistory",
    "fields": {
        "applied": "2018-02-19T09:36:20.286Z",
        "app_name": "maps",
        "migration": "0016_auto__del_unique_map_title"
    }
}, {
    "pk": 67,
    "model": "south.migrationhistory",
    "fields": {
        "applied": "2018-02-19T09:36:20.913Z",
        "app_name": "feedback",
        "migration": "0001_initial"
    }
}, {
    "pk": 68,
    "model": "south.migrationhistory",
    "fields": {
        "applied": "2018-02-19T09:36:21.225Z",
        "app_name": "feedback",
        "migration": "0002_auto__add_field_feedback_title__add_unique_topic_name"
    }
}, {
    "pk": 69,
    "model": "south.migrationhistory",
    "fields": {
        "applied": "2018-02-19T09:36:22.152Z",
        "app_name": "umessages",
        "migration": "0001_initial"
    }
}, {
    "pk": 70,
    "model": "south.migrationhistory",
    "fields": {
        "applied": "2018-02-19T09:36:22.300Z",
        "app_name": "django_extensions",
        "migration": "0001_empty"
    }
}, {
    "pk": 71,
    "model": "south.migrationhistory",
    "fields": {
        "applied": "2018-02-19T09:36:23.333Z",
        "app_name": "guardian",
        "migration": "0001_initial"
    }
}, {
    "pk": 72,
    "model": "south.migrationhistory",
    "fields": {
        "applied": "2018-02-19T09:36:24.183Z",
        "app_name": "guardian",
        "migration": "0002_auto__add_field_groupobjectpermission_object_pk__add_field_userobjectp"
    }
}, {
    "pk": 73,
    "model": "south.migrationhistory",
    "fields": {
        "applied": "2018-02-19T09:36:24.227Z",
        "app_name": "guardian",
        "migration": "0003_update_objectpermission_object_pk"
    }
}, {
    "pk": 74,
    "model": "south.migrationhistory",
    "fields": {
        "applied": "2018-02-19T09:36:25.409Z",
        "app_name": "guardian",
        "migration": "0004_auto__del_field_groupobjectpermission_object_id__del_unique_groupobjec"
    }
}, {
    "pk": 75,
    "model": "south.migrationhistory",
    "fields": {
        "applied": "2018-02-19T09:36:25.450Z",
        "app_name": "guardian",
        "migration": "0005_auto__chg_field_groupobjectpermission_object_pk__chg_field_userobjectp"
    }
}, {
    "pk": 1,
    "model": "maps.layer",
    "fields": {
        "layer": "nexrad-n0r-900913",
        "layer_parsing_function": null,
        "updated_at": null,
        "disabled": false,
        "layer_info_link": null,
        "downloadableLink": "",
        "image_format": "image/png",
        "enable_identify": false,
        "fields_to_show": "",
        "additional_domains": "",
        "type": "WMS",
        "styles": "",
        "attribution": "Weather data \u00a9 2012 IEM Nexrad",
        "description": "",
        "root_field": "",
        "extent": null,
        "transparent": true,
        "refreshrate": null,
        "name": "Nexrad",
        "dynamic_params": null,
        "spatial_reference": "EPSG:4326",
        "url": "http://mesonet.agron.iastate.edu/cgi-bin/wms/nexrad/n0r.cgi",
        "created_at": null,
        "layer_params": "{}",
        "token": "",
        "info_format": null,
        "constraints": ""
    }
}, {
    "pk": 2,
    "model": "maps.layer",
    "fields": {
        "layer": "",
        "layer_parsing_function": null,
        "updated_at": null,
        "disabled": false,
        "layer_info_link": null,
        "downloadableLink": "",
        "image_format": null,
        "enable_identify": false,
        "fields_to_show": "",
        "additional_domains": "",
        "type": "ArcGIS Tiled Map Service",
        "styles": "",
        "attribution": "",
        "description": "",
        "root_field": "",
        "extent": null,
        "transparent": true,
        "refreshrate": null,
        "name": "USA_Median_Household_Income",
        "dynamic_params": null,
        "spatial_reference": "EPSG:4326",
        "url": "http://server.arcgisonline.com/ArcGIS/rest/services/Demographics/USA_Median_Household_Income/MapServer",
        "created_at": null,
        "layer_params": "{}",
        "token": "",
        "info_format": null,
        "constraints": ""
    }
}, {
    "pk": 3,
    "model": "maps.layer",
    "fields": {
        "layer": "",
        "layer_parsing_function": null,
        "updated_at": null,
        "disabled": false,
        "layer_info_link": null,
        "downloadableLink": "",
        "image_format": "png24",
        "enable_identify": false,
        "fields_to_show": "",
        "additional_domains": "",
        "type": "WMS",
        "styles": "",
        "attribution": "",
        "description": "",
        "root_field": "",
        "extent": null,
        "transparent": true,
        "refreshrate": null,
        "name": "National Map",
        "dynamic_params": null,
        "spatial_reference": "EPSG:4326",
        "url": "http://raster.nationalmap.gov/ArcGIS/rest/services/TNM_Large_Scale_Imagery/MapServer/export",
        "created_at": null,
        "layer_params": "{\"dpi\":92,\"f\":\"image\"}",
        "token": "",
        "info_format": null,
        "constraints": ""
    }
}, {
    "pk": 5,
    "model": "maps.layer",
    "fields": {
        "layer": "",
        "layer_parsing_function": null,
        "updated_at": null,
        "disabled": false,
        "layer_info_link": null,
        "downloadableLink": "",
        "image_format": null,
        "enable_identify": false,
        "fields_to_show": "",
        "additional_domains": "",
        "type": "GeoJSON",
        "styles": "",
        "attribution": "",
        "description": "",
        "root_field": "",
        "extent": null,
        "transparent": true,
        "refreshrate": null,
        "name": "Chicago Zip Codes",
        "dynamic_params": null,
        "spatial_reference": "EPSG:4326",
        "url": "https://raw.github.com/smartchicago/chicago-atlas/master/db/import/zipcodes.geojson",
        "created_at": null,
        "layer_params": "{}",
        "token": "",
        "info_format": null,
        "constraints": ""
    }
}, {
    "pk": 6,
    "model": "maps.layer",
    "fields": {
        "layer": "",
        "layer_parsing_function": null,
        "updated_at": null,
        "disabled": false,
        "layer_info_link": null,
        "downloadableLink": "",
        "image_format": null,
        "enable_identify": false,
        "fields_to_show": "",
        "additional_domains": "",
        "type": "GeoJSON",
        "styles": "",
        "attribution": "",
        "description": "",
        "root_field": "",
        "extent": null,
        "transparent": true,
        "refreshrate": null,
        "name": "DC Bars",
        "dynamic_params": null,
        "spatial_reference": "EPSG:4326",
        "url": "https://raw.github.com/benbalter/dc-wifi-social/master/bars.geojson",
        "created_at": null,
        "layer_params": "{}",
        "token": "",
        "info_format": null,
        "constraints": ""
    }
}, {
    "pk": 7,
    "model": "maps.layer",
    "fields": {
        "layer": "AIRS_Precipitation_Day",
        "layer_parsing_function": null,
        "updated_at": null,
        "disabled": false,
        "layer_info_link": null,
        "downloadableLink": "",
        "image_format": "jpeg",
        "enable_identify": false,
        "fields_to_show": "",
        "additional_domains": "",
        "type": "WMTS",
        "styles": "",
        "attribution": "",
        "description": "NASA Satellite",
        "root_field": "",
        "extent": null,
        "transparent": true,
        "refreshrate": null,
        "name": "NASA AIRS Precipitation Day",
        "dynamic_params": "[{\"range\":{\"start\":\"2012-05-08\",\"type\":\"FixedRange\"},\"type\":\"Date\",\"name\":\"Time\"}]",
        "spatial_reference": "EPSG:4326",
        "url": "http://map1.vis.earthdata.nasa.gov/wmts-webmerc/AIRS_Precipitation_Day/default/{Time}/{TileMatrixSet}/{z}/{y}/{x}.png",
        "created_at": null,
        "layer_params": "{\"layer\":\"AIRS_Precipitation_Day\",\"TileMatrixSet\":\"GoogleMapsCompatible_Level6\",\"Time\":\"2014-11-04\"}",
        "token": "",
        "info_format": null,
        "constraints": ""
    }
}, {
    "pk": 1,
    "model": "maps.map",
    "fields": {
        "projection": "EPSG:4326",
        "title": "Base Map",
        "created_at": "2013-07-17T20:38:09.823Z",
        "zoom": 0,
        "updated_at": "2013-07-17T20:38:09.823Z",
        "center_x": 0.0,
        "center_y": 0.0,
        "description": "This is a map"
    }
}, {
    "pk": 2,
    "model": "maps.map",
    "fields": {
        "projection": "EPSG:4326",
        "title": "Test Map",
        "created_at": "2013-10-16T14:34:36.893Z",
        "zoom": 5,
        "updated_at": "2013-10-16T14:34:36.893Z",
        "center_x": 0.0,
        "center_y": 0.0,
        "description": "This is a test map"
    }
}, {
    "pk": 3,
    "model": "maps.map",
    "fields": {
        "projection": "EPSG:4326",
        "title": "GATE A(JKUAT) Map",
        "created_at": "2018-02-19T20:07:51.998Z",
        "zoom": 5,
        "updated_at": "2018-02-19T20:07:51.998Z",
        "center_x": 0.0,
        "center_y": 0.0,
        "description": "map for GATE A(JKUAT) project"
    }
}, {
    "pk": 4,
    "model": "maps.map",
    "fields": {
        "projection": "EPSG:4326",
        "title": "GATE A(JKUAT) Map",
        "created_at": "2018-02-19T20:22:29.030Z",
        "zoom": 5,
        "updated_at": "2018-02-19T20:22:29.030Z",
        "center_x": 0.0,
        "center_y": 0.0,
        "description": "map for GATE A(JKUAT) project"
    }
}, {
    "pk": 5,
    "model": "maps.map",
    "fields": {
        "projection": "EPSG:4326",
        "title": "EDUCATE GIRLS Map",
        "created_at": "2018-02-20T13:23:48.751Z",
        "zoom": 5,
        "updated_at": "2018-02-20T13:23:48.751Z",
        "center_x": 0.0,
        "center_y": 0.0,
        "description": "map for EDUCATE GIRLS project"
    }
}, {
    "pk": 1,
    "model": "maps.maplayer",
    "fields": {
        "opacity": 0.8,
        "map": 1,
        "layer": 1,
        "shown": true,
        "stack_order": 0,
        "display_in_layer_switcher": false,
        "is_base_layer": false
    }
}, {
    "pk": 2,
    "model": "maps.maplayer",
    "fields": {
        "opacity": 0.8,
        "map": 1,
        "layer": 3,
        "shown": true,
        "stack_order": 1,
        "display_in_layer_switcher": false,
        "is_base_layer": false
    }
}, {
    "pk": 5,
    "model": "maps.maplayer",
    "fields": {
        "opacity": 0.8,
        "map": 2,
        "layer": 3,
        "shown": true,
        "stack_order": 2,
        "display_in_layer_switcher": true,
        "is_base_layer": true
    }
}, {
    "pk": 6,
    "model": "maps.maplayer",
    "fields": {
        "opacity": 0.8,
        "map": 3,
        "layer": 3,
        "shown": true,
        "stack_order": 2,
        "display_in_layer_switcher": false,
        "is_base_layer": false
    }
}, {
    "pk": 7,
    "model": "maps.maplayer",
    "fields": {
        "opacity": 0.8,
        "map": 4,
        "layer": 3,
        "shown": true,
        "stack_order": 2,
        "display_in_layer_switcher": false,
        "is_base_layer": false
    }
}, {
    "pk": 8,
    "model": "maps.maplayer",
    "fields": {
        "opacity": 0.8,
        "map": 5,
        "layer": 3,
        "shown": true,
        "stack_order": 2,
        "display_in_layer_switcher": false,
        "is_base_layer": false
    }
}, {
    "pk": 1,
    "model": "maps.featuretype",
    "fields": {
        "category": "",
        "style": "{\"color\":\"red\",\"opacity\":1,\"weight\":2}",
        "name": "Catastrophic Damage",
        "order": 0,
        "type": "Polygon",
        "properties": "[{\"type\":\"text\",\"name\":\"severity\"}]",
        "icon": ""
    }
}, {
    "pk": 2,
    "model": "maps.featuretype",
    "fields": {
        "category": "",
        "style": "{\"color\":\"green\",\"opacity\":1,\"weight\":2}",
        "name": "Limited Damage",
        "order": 0,
        "type": "Polygon",
        "properties": "[{\"type\":\"text\",\"severity\":\"Limited\"}]",
        "icon": ""
    }
}, {
    "pk": 3,
    "model": "maps.featuretype",
    "fields": {
        "category": "",
        "style": "{\"color\":\"orange\",\"opacity\":1,\"weight\":2}",
        "name": "Major Damage",
        "order": 0,
        "type": "Polygon",
        "properties": "[{\"type\":\"text\",\"severity\":\"Major\"}]",
        "icon": ""
    }
}, {
    "pk": 5,
    "model": "maps.featuretype",
    "fields": {
        "category": "",
        "style": "{\"iconUrl\":\"/static/leaflet/images/red-marker-icon.png\"}",
        "name": "Catastrophic Damage Point",
        "order": 0,
        "type": "Point",
        "properties": "{\"type\":\"text\",\"severity\":\"Catastrophic\"}",
        "icon": ""
    }
}, {
    "pk": 6,
    "model": "maps.featuretype",
    "fields": {
        "category": "",
        "style": "{\"iconUrl\":\"/static/leaflet/images/orange-marker-icon.png\"}",
        "name": "Major Damage Point",
        "order": 0,
        "type": "Point",
        "properties": "{\"type\":\"text\",\"severity\":\"Major\"}",
        "icon": ""
    }
}, {
    "pk": 7,
    "model": "maps.featuretype",
    "fields": {
        "category": "",
        "style": "{\"iconUrl\":\"/static/leaflet/images/yellow-marker-icon.png\"}",
        "name": "Minor Damage Point",
        "order": 0,
        "type": "Point",
        "properties": "{\"type\":\"text\",\"severity\":\"Minor\"}",
        "icon": ""
    }
}, {
    "pk": 8,
    "model": "maps.featuretype",
    "fields": {
        "category": "",
        "style": "{\"iconUrl\":\"/static/leaflet/images/green-marker-icon.png\"}",
        "name": "No Damage Point",
        "order": 0,
        "type": "Point",
        "properties": "{\"type\":\"text\",\"severity\":\"None\"}",
        "icon": ""
    }
}, {
    "pk": 1,
    "model": "feedback.topic",
    "fields": {
        "name": "Workflow"
    }
}, {
    "pk": 2,
    "model": "feedback.topic",
    "fields": {
        "name": "User Interface"
    }
}, {
    "pk": 99,
    "model": "feedback.topic",
    "fields": {
        "name": "Other"
    }
}, {
    "pk": 1,
    "model": "auth.permission",
    "fields": {
        "codename": "add_permission",
        "name": "Can add permission",
        "content_type": 1
    }
}, {
    "pk": 2,
    "model": "auth.permission",
    "fields": {
        "codename": "change_permission",
        "name": "Can change permission",
        "content_type": 1
    }
}, {
    "pk": 3,
    "model": "auth.permission",
    "fields": {
        "codename": "delete_permission",
        "name": "Can delete permission",
        "content_type": 1
    }
}, {
    "pk": 4,
    "model": "auth.permission",
    "fields": {
        "codename": "add_group",
        "name": "Can add group",
        "content_type": 2
    }
}, {
    "pk": 5,
    "model": "auth.permission",
    "fields": {
        "codename": "change_group",
        "name": "Can change group",
        "content_type": 2
    }
}, {
    "pk": 6,
    "model": "auth.permission",
    "fields": {
        "codename": "delete_group",
        "name": "Can delete group",
        "content_type": 2
    }
}, {
    "pk": 7,
    "model": "auth.permission",
    "fields": {
        "codename": "add_user",
        "name": "Can add user",
        "content_type": 3
    }
}, {
    "pk": 8,
    "model": "auth.permission",
    "fields": {
        "codename": "change_user",
        "name": "Can change user",
        "content_type": 3
    }
}, {
    "pk": 9,
    "model": "auth.permission",
    "fields": {
        "codename": "delete_user",
        "name": "Can delete user",
        "content_type": 3
    }
}, {
    "pk": 10,
    "model": "auth.permission",
    "fields": {
        "codename": "add_contenttype",
        "name": "Can add content type",
        "content_type": 4
    }
}, {
    "pk": 11,
    "model": "auth.permission",
    "fields": {
        "codename": "change_contenttype",
        "name": "Can change content type",
        "content_type": 4
    }
}, {
    "pk": 12,
    "model": "auth.permission",
    "fields": {
        "codename": "delete_contenttype",
        "name": "Can delete content type",
        "content_type": 4
    }
}, {
    "pk": 13,
    "model": "auth.permission",
    "fields": {
        "codename": "add_session",
        "name": "Can add session",
        "content_type": 5
    }
}, {
    "pk": 14,
    "model": "auth.permission",
    "fields": {
        "codename": "change_session",
        "name": "Can change session",
        "content_type": 5
    }
}, {
    "pk": 15,
    "model": "auth.permission",
    "fields": {
        "codename": "delete_session",
        "name": "Can delete session",
        "content_type": 5
    }
}, {
    "pk": 16,
    "model": "auth.permission",
    "fields": {
        "codename": "add_site",
        "name": "Can add site",
        "content_type": 6
    }
}, {
    "pk": 17,
    "model": "auth.permission",
    "fields": {
        "codename": "change_site",
        "name": "Can change site",
        "content_type": 6
    }
}, {
    "pk": 18,
    "model": "auth.permission",
    "fields": {
        "codename": "delete_site",
        "name": "Can delete site",
        "content_type": 6
    }
}, {
    "pk": 19,
    "model": "auth.permission",
    "fields": {
        "codename": "add_logentry",
        "name": "Can add log entry",
        "content_type": 7
    }
}, {
    "pk": 20,
    "model": "auth.permission",
    "fields": {
        "codename": "change_logentry",
        "name": "Can change log entry",
        "content_type": 7
    }
}, {
    "pk": 21,
    "model": "auth.permission",
    "fields": {
        "codename": "delete_logentry",
        "name": "Can delete log entry",
        "content_type": 7
    }
}, {
    "pk": 22,
    "model": "auth.permission",
    "fields": {
        "codename": "add_migrationhistory",
        "name": "Can add migration history",
        "content_type": 8
    }
}, {
    "pk": 23,
    "model": "auth.permission",
    "fields": {
        "codename": "change_migrationhistory",
        "name": "Can change migration history",
        "content_type": 8
    }
}, {
    "pk": 24,
    "model": "auth.permission",
    "fields": {
        "codename": "delete_migrationhistory",
        "name": "Can delete migration history",
        "content_type": 8
    }
}, {
    "pk": 25,
    "model": "auth.permission",
    "fields": {
        "codename": "add_keymap",
        "name": "Can add key map",
        "content_type": 9
    }
}, {
    "pk": 26,
    "model": "auth.permission",
    "fields": {
        "codename": "change_keymap",
        "name": "Can change key map",
        "content_type": 9
    }
}, {
    "pk": 27,
    "model": "auth.permission",
    "fields": {
        "codename": "delete_keymap",
        "name": "Can delete key map",
        "content_type": 9
    }
}, {
    "pk": 28,
    "model": "auth.permission",
    "fields": {
        "codename": "add_request",
        "name": "Can add request",
        "content_type": 10
    }
}, {
    "pk": 29,
    "model": "auth.permission",
    "fields": {
        "codename": "change_request",
        "name": "Can change request",
        "content_type": 10
    }
}, {
    "pk": 30,
    "model": "auth.permission",
    "fields": {
        "codename": "delete_request",
        "name": "Can delete request",
        "content_type": 10
    }
}, {
    "pk": 31,
    "model": "auth.permission",
    "fields": {
        "codename": "add_requestparameter",
        "name": "Can add request parameter",
        "content_type": 11
    }
}, {
    "pk": 32,
    "model": "auth.permission",
    "fields": {
        "codename": "change_requestparameter",
        "name": "Can change request parameter",
        "content_type": 11
    }
}, {
    "pk": 33,
    "model": "auth.permission",
    "fields": {
        "codename": "delete_requestparameter",
        "name": "Can delete request parameter",
        "content_type": 11
    }
}, {
    "pk": 34,
    "model": "auth.permission",
    "fields": {
        "codename": "add_response",
        "name": "Can add response",
        "content_type": 12
    }
}, {
    "pk": 35,
    "model": "auth.permission",
    "fields": {
        "codename": "change_response",
        "name": "Can change response",
        "content_type": 12
    }
}, {
    "pk": 36,
    "model": "auth.permission",
    "fields": {
        "codename": "delete_response",
        "name": "Can delete response",
        "content_type": 12
    }
}, {
    "pk": 37,
    "model": "auth.permission",
    "fields": {
        "codename": "add_counties",
        "name": "Can add Kenya Counties",
        "content_type": 13
    }
}, {
    "pk": 38,
    "model": "auth.permission",
    "fields": {
        "codename": "change_counties",
        "name": "Can change Kenya Counties",
        "content_type": 13
    }
}, {
    "pk": 39,
    "model": "auth.permission",
    "fields": {
        "codename": "delete_counties",
        "name": "Can delete Kenya Counties",
        "content_type": 13
    }
}, {
    "pk": 40,
    "model": "auth.permission",
    "fields": {
        "codename": "add_sourcedocument",
        "name": "Can add source document",
        "content_type": 14
    }
}, {
    "pk": 41,
    "model": "auth.permission",
    "fields": {
        "codename": "change_sourcedocument",
        "name": "Can change source document",
        "content_type": 14
    }
}, {
    "pk": 42,
    "model": "auth.permission",
    "fields": {
        "codename": "delete_sourcedocument",
        "name": "Can delete source document",
        "content_type": 14
    }
}, {
    "pk": 43,
    "model": "auth.permission",
    "fields": {
        "codename": "add_childdocument",
        "name": "Can add child document",
        "content_type": 15
    }
}, {
    "pk": 44,
    "model": "auth.permission",
    "fields": {
        "codename": "change_childdocument",
        "name": "Can change child document",
        "content_type": 15
    }
}, {
    "pk": 45,
    "model": "auth.permission",
    "fields": {
        "codename": "delete_childdocument",
        "name": "Can delete child document",
        "content_type": 15
    }
}, {
    "pk": 46,
    "model": "auth.permission",
    "fields": {
        "codename": "add_training",
        "name": "Can add training",
        "content_type": 16
    }
}, {
    "pk": 47,
    "model": "auth.permission",
    "fields": {
        "codename": "change_training",
        "name": "Can change training",
        "content_type": 16
    }
}, {
    "pk": 48,
    "model": "auth.permission",
    "fields": {
        "codename": "delete_training",
        "name": "Can delete training",
        "content_type": 16
    }
}, {
    "pk": 49,
    "model": "auth.permission",
    "fields": {
        "codename": "add_revision",
        "name": "Can add revision",
        "content_type": 17
    }
}, {
    "pk": 50,
    "model": "auth.permission",
    "fields": {
        "codename": "change_revision",
        "name": "Can change revision",
        "content_type": 17
    }
}, {
    "pk": 51,
    "model": "auth.permission",
    "fields": {
        "codename": "delete_revision",
        "name": "Can delete revision",
        "content_type": 17
    }
}, {
    "pk": 52,
    "model": "auth.permission",
    "fields": {
        "codename": "add_version",
        "name": "Can add version",
        "content_type": 18
    }
}, {
    "pk": 53,
    "model": "auth.permission",
    "fields": {
        "codename": "change_version",
        "name": "Can change version",
        "content_type": 18
    }
}, {
    "pk": 54,
    "model": "auth.permission",
    "fields": {
        "codename": "delete_version",
        "name": "Can delete version",
        "content_type": 18
    }
}, {
    "pk": 55,
    "model": "auth.permission",
    "fields": {
        "codename": "add_source",
        "name": "Can add source",
        "content_type": 19
    }
}, {
    "pk": 56,
    "model": "auth.permission",
    "fields": {
        "codename": "change_source",
        "name": "Can change source",
        "content_type": 19
    }
}, {
    "pk": 57,
    "model": "auth.permission",
    "fields": {
        "codename": "delete_source",
        "name": "Can delete source",
        "content_type": 19
    }
}, {
    "pk": 58,
    "model": "auth.permission",
    "fields": {
        "codename": "add_thumbnail",
        "name": "Can add thumbnail",
        "content_type": 20
    }
}, {
    "pk": 59,
    "model": "auth.permission",
    "fields": {
        "codename": "change_thumbnail",
        "name": "Can change thumbnail",
        "content_type": 20
    }
}, {
    "pk": 60,
    "model": "auth.permission",
    "fields": {
        "codename": "delete_thumbnail",
        "name": "Can delete thumbnail",
        "content_type": 20
    }
}, {
    "pk": 61,
    "model": "auth.permission",
    "fields": {
        "codename": "add_userenasignup",
        "name": "Can add userena registration",
        "content_type": 21
    }
}, {
    "pk": 62,
    "model": "auth.permission",
    "fields": {
        "codename": "change_userenasignup",
        "name": "Can change userena registration",
        "content_type": 21
    }
}, {
    "pk": 63,
    "model": "auth.permission",
    "fields": {
        "codename": "delete_userenasignup",
        "name": "Can delete userena registration",
        "content_type": 21
    }
}, {
    "pk": 64,
    "model": "auth.permission",
    "fields": {
        "codename": "add_organization",
        "name": "Can add organization",
        "content_type": 22
    }
}, {
    "pk": 65,
    "model": "auth.permission",
    "fields": {
        "codename": "change_organization",
        "name": "Can change organization",
        "content_type": 22
    }
}, {
    "pk": 66,
    "model": "auth.permission",
    "fields": {
        "codename": "delete_organization",
        "name": "Can delete organization",
        "content_type": 22
    }
}, {
    "pk": 67,
    "model": "auth.permission",
    "fields": {
        "codename": "add_emaildomain",
        "name": "Can add email domain",
        "content_type": 23
    }
}, {
    "pk": 68,
    "model": "auth.permission",
    "fields": {
        "codename": "change_emaildomain",
        "name": "Can change email domain",
        "content_type": 23
    }
}, {
    "pk": 69,
    "model": "auth.permission",
    "fields": {
        "codename": "delete_emaildomain",
        "name": "Can delete email domain",
        "content_type": 23
    }
}, {
    "pk": 70,
    "model": "auth.permission",
    "fields": {
        "codename": "add_userprofile",
        "name": "Can add user profile",
        "content_type": 24
    }
}, {
    "pk": 71,
    "model": "auth.permission",
    "fields": {
        "codename": "change_userprofile",
        "name": "Can change user profile",
        "content_type": 24
    }
}, {
    "pk": 72,
    "model": "auth.permission",
    "fields": {
        "codename": "delete_userprofile",
        "name": "Can delete user profile",
        "content_type": 24
    }
}, {
    "pk": 73,
    "model": "auth.permission",
    "fields": {
        "codename": "view_profile",
        "name": "Can view profile",
        "content_type": 24
    }
}, {
    "pk": 74,
    "model": "auth.permission",
    "fields": {
        "codename": "add_userauthorization",
        "name": "Can add user authorization",
        "content_type": 25
    }
}, {
    "pk": 75,
    "model": "auth.permission",
    "fields": {
        "codename": "change_userauthorization",
        "name": "Can change user authorization",
        "content_type": 25
    }
}, {
    "pk": 76,
    "model": "auth.permission",
    "fields": {
        "codename": "delete_userauthorization",
        "name": "Can delete user authorization",
        "content_type": 25
    }
}, {
    "pk": 77,
    "model": "auth.permission",
    "fields": {
        "codename": "add_setting",
        "name": "Can add setting",
        "content_type": 26
    }
}, {
    "pk": 78,
    "model": "auth.permission",
    "fields": {
        "codename": "change_setting",
        "name": "Can change setting",
        "content_type": 26
    }
}, {
    "pk": 79,
    "model": "auth.permission",
    "fields": {
        "codename": "delete_setting",
        "name": "Can delete setting",
        "content_type": 26
    }
}, {
    "pk": 80,
    "model": "auth.permission",
    "fields": {
        "codename": "add_project",
        "name": "Can add project",
        "content_type": 27
    }
}, {
    "pk": 81,
    "model": "auth.permission",
    "fields": {
        "codename": "change_project",
        "name": "Can change project",
        "content_type": 27
    }
}, {
    "pk": 82,
    "model": "auth.permission",
    "fields": {
        "codename": "delete_project",
        "name": "Can delete project",
        "content_type": 27
    }
}, {
    "pk": 83,
    "model": "auth.permission",
    "fields": {
        "codename": "open_project",
        "name": "Open Project",
        "content_type": 27
    }
}, {
    "pk": 84,
    "model": "auth.permission",
    "fields": {
        "codename": "close_project",
        "name": "Close Project",
        "content_type": 27
    }
}, {
    "pk": 85,
    "model": "auth.permission",
    "fields": {
        "codename": "archive_project",
        "name": "Archive Project",
        "content_type": 27
    }
}, {
    "pk": 86,
    "model": "auth.permission",
    "fields": {
        "codename": "add_job",
        "name": "Can add job",
        "content_type": 28
    }
}, {
    "pk": 87,
    "model": "auth.permission",
    "fields": {
        "codename": "change_job",
        "name": "Can change job",
        "content_type": 28
    }
}, {
    "pk": 88,
    "model": "auth.permission",
    "fields": {
        "codename": "delete_job",
        "name": "Can delete job",
        "content_type": 28
    }
}, {
    "pk": 89,
    "model": "auth.permission",
    "fields": {
        "codename": "add_aoi",
        "name": "Can add Area of Interest",
        "content_type": 29
    }
}, {
    "pk": 90,
    "model": "auth.permission",
    "fields": {
        "codename": "change_aoi",
        "name": "Can change Area of Interest",
        "content_type": 29
    }
}, {
    "pk": 91,
    "model": "auth.permission",
    "fields": {
        "codename": "delete_aoi",
        "name": "Can delete Area of Interest",
        "content_type": 29
    }
}, {
    "pk": 92,
    "model": "auth.permission",
    "fields": {
        "codename": "assign_workcells",
        "name": "Assign Workcells",
        "content_type": 29
    }
}, {
    "pk": 93,
    "model": "auth.permission",
    "fields": {
        "codename": "certify_workcells",
        "name": "Certify Workcells",
        "content_type": 29
    }
}, {
    "pk": 94,
    "model": "auth.permission",
    "fields": {
        "codename": "add_comment",
        "name": "Can add comment",
        "content_type": 30
    }
}, {
    "pk": 95,
    "model": "auth.permission",
    "fields": {
        "codename": "change_comment",
        "name": "Can change comment",
        "content_type": 30
    }
}, {
    "pk": 96,
    "model": "auth.permission",
    "fields": {
        "codename": "delete_comment",
        "name": "Can delete comment",
        "content_type": 30
    }
}, {
    "pk": 97,
    "model": "auth.permission",
    "fields": {
        "codename": "add_organization",
        "name": "Can add organization",
        "content_type": 31
    }
}, {
    "pk": 98,
    "model": "auth.permission",
    "fields": {
        "codename": "change_organization",
        "name": "Can change organization",
        "content_type": 31
    }
}, {
    "pk": 99,
    "model": "auth.permission",
    "fields": {
        "codename": "delete_organization",
        "name": "Can delete organization",
        "content_type": 31
    }
}, {
    "pk": 100,
    "model": "auth.permission",
    "fields": {
        "codename": "add_layer",
        "name": "Can add layer",
        "content_type": 32
    }
}, {
    "pk": 101,
    "model": "auth.permission",
    "fields": {
        "codename": "change_layer",
        "name": "Can change layer",
        "content_type": 32
    }
}, {
    "pk": 102,
    "model": "auth.permission",
    "fields": {
        "codename": "delete_layer",
        "name": "Can delete layer",
        "content_type": 32
    }
}, {
    "pk": 103,
    "model": "auth.permission",
    "fields": {
        "codename": "add_map",
        "name": "Can add map",
        "content_type": 33
    }
}, {
    "pk": 104,
    "model": "auth.permission",
    "fields": {
        "codename": "change_map",
        "name": "Can change map",
        "content_type": 33
    }
}, {
    "pk": 105,
    "model": "auth.permission",
    "fields": {
        "codename": "delete_map",
        "name": "Can delete map",
        "content_type": 33
    }
}, {
    "pk": 106,
    "model": "auth.permission",
    "fields": {
        "codename": "add_maplayer",
        "name": "Can add map layer",
        "content_type": 34
    }
}, {
    "pk": 107,
    "model": "auth.permission",
    "fields": {
        "codename": "change_maplayer",
        "name": "Can change map layer",
        "content_type": 34
    }
}, {
    "pk": 108,
    "model": "auth.permission",
    "fields": {
        "codename": "delete_maplayer",
        "name": "Can delete map layer",
        "content_type": 34
    }
}, {
    "pk": 109,
    "model": "auth.permission",
    "fields": {
        "codename": "add_maplayeruserrememberedparams",
        "name": "Can add map layer user remembered params",
        "content_type": 35
    }
}, {
    "pk": 110,
    "model": "auth.permission",
    "fields": {
        "codename": "change_maplayeruserrememberedparams",
        "name": "Can change map layer user remembered params",
        "content_type": 35
    }
}, {
    "pk": 111,
    "model": "auth.permission",
    "fields": {
        "codename": "delete_maplayeruserrememberedparams",
        "name": "Can delete map layer user remembered params",
        "content_type": 35
    }
}, {
    "pk": 112,
    "model": "auth.permission",
    "fields": {
        "codename": "add_editablemaplayer",
        "name": "Can add editable map layer",
        "content_type": 36
    }
}, {
    "pk": 113,
    "model": "auth.permission",
    "fields": {
        "codename": "change_editablemaplayer",
        "name": "Can change editable map layer",
        "content_type": 36
    }
}, {
    "pk": 114,
    "model": "auth.permission",
    "fields": {
        "codename": "delete_editablemaplayer",
        "name": "Can delete editable map layer",
        "content_type": 36
    }
}, {
    "pk": 115,
    "model": "auth.permission",
    "fields": {
        "codename": "add_feature",
        "name": "Can add feature",
        "content_type": 37
    }
}, {
    "pk": 116,
    "model": "auth.permission",
    "fields": {
        "codename": "change_feature",
        "name": "Can change feature",
        "content_type": 37
    }
}, {
    "pk": 117,
    "model": "auth.permission",
    "fields": {
        "codename": "delete_feature",
        "name": "Can delete feature",
        "content_type": 37
    }
}, {
    "pk": 118,
    "model": "auth.permission",
    "fields": {
        "codename": "add_featuretype",
        "name": "Can add feature type",
        "content_type": 38
    }
}, {
    "pk": 119,
    "model": "auth.permission",
    "fields": {
        "codename": "change_featuretype",
        "name": "Can change feature type",
        "content_type": 38
    }
}, {
    "pk": 120,
    "model": "auth.permission",
    "fields": {
        "codename": "delete_featuretype",
        "name": "Can delete feature type",
        "content_type": 38
    }
}, {
    "pk": 121,
    "model": "auth.permission",
    "fields": {
        "codename": "add_geoeventssource",
        "name": "Can add geoevents source",
        "content_type": 39
    }
}, {
    "pk": 122,
    "model": "auth.permission",
    "fields": {
        "codename": "change_geoeventssource",
        "name": "Can change geoevents source",
        "content_type": 39
    }
}, {
    "pk": 123,
    "model": "auth.permission",
    "fields": {
        "codename": "delete_geoeventssource",
        "name": "Can delete geoevents source",
        "content_type": 39
    }
}, {
    "pk": 124,
    "model": "auth.permission",
    "fields": {
        "codename": "add_topic",
        "name": "Can add topic",
        "content_type": 40
    }
}, {
    "pk": 125,
    "model": "auth.permission",
    "fields": {
        "codename": "change_topic",
        "name": "Can change topic",
        "content_type": 40
    }
}, {
    "pk": 126,
    "model": "auth.permission",
    "fields": {
        "codename": "delete_topic",
        "name": "Can delete topic",
        "content_type": 40
    }
}, {
    "pk": 127,
    "model": "auth.permission",
    "fields": {
        "codename": "add_feedback",
        "name": "Can add feedback",
        "content_type": 41
    }
}, {
    "pk": 128,
    "model": "auth.permission",
    "fields": {
        "codename": "change_feedback",
        "name": "Can change feedback",
        "content_type": 41
    }
}, {
    "pk": 129,
    "model": "auth.permission",
    "fields": {
        "codename": "delete_feedback",
        "name": "Can delete feedback",
        "content_type": 41
    }
}, {
    "pk": 130,
    "model": "auth.permission",
    "fields": {
        "codename": "add_messagecontact",
        "name": "Can add contact",
        "content_type": 42
    }
}, {
    "pk": 131,
    "model": "auth.permission",
    "fields": {
        "codename": "change_messagecontact",
        "name": "Can change contact",
        "content_type": 42
    }
}, {
    "pk": 132,
    "model": "auth.permission",
    "fields": {
        "codename": "delete_messagecontact",
        "name": "Can delete contact",
        "content_type": 42
    }
}, {
    "pk": 133,
    "model": "auth.permission",
    "fields": {
        "codename": "add_messagerecipient",
        "name": "Can add recipient",
        "content_type": 43
    }
}, {
    "pk": 134,
    "model": "auth.permission",
    "fields": {
        "codename": "change_messagerecipient",
        "name": "Can change recipient",
        "content_type": 43
    }
}, {
    "pk": 135,
    "model": "auth.permission",
    "fields": {
        "codename": "delete_messagerecipient",
        "name": "Can delete recipient",
        "content_type": 43
    }
}, {
    "pk": 136,
    "model": "auth.permission",
    "fields": {
        "codename": "add_message",
        "name": "Can add message",
        "content_type": 44
    }
}, {
    "pk": 137,
    "model": "auth.permission",
    "fields": {
        "codename": "change_message",
        "name": "Can change message",
        "content_type": 44
    }
}, {
    "pk": 138,
    "model": "auth.permission",
    "fields": {
        "codename": "delete_message",
        "name": "Can delete message",
        "content_type": 44
    }
}, {
    "pk": 139,
    "model": "auth.permission",
    "fields": {
        "codename": "add_userobjectpermission",
        "name": "Can add user object permission",
        "content_type": 45
    }
}, {
    "pk": 140,
    "model": "auth.permission",
    "fields": {
        "codename": "change_userobjectpermission",
        "name": "Can change user object permission",
        "content_type": 45
    }
}, {
    "pk": 141,
    "model": "auth.permission",
    "fields": {
        "codename": "delete_userobjectpermission",
        "name": "Can delete user object permission",
        "content_type": 45
    }
}, {
    "pk": 142,
    "model": "auth.permission",
    "fields": {
        "codename": "add_groupobjectpermission",
        "name": "Can add group object permission",
        "content_type": 46
    }
}, {
    "pk": 143,
    "model": "auth.permission",
    "fields": {
        "codename": "change_groupobjectpermission",
        "name": "Can change group object permission",
        "content_type": 46
    }
}, {
    "pk": 144,
    "model": "auth.permission",
    "fields": {
        "codename": "delete_groupobjectpermission",
        "name": "Can delete group object permission",
        "content_type": 46
    }
}, {
    "pk": 1,
    "model": "auth.group",
    "fields": {
        "name": "KING KAKA EMPIRE",
        "permissions": []
    }
}, {
    "pk": -1,
    "model": "auth.user",
    "fields": {
        "username": "AnonymousUser",
        "first_name": "",
        "last_name": "",
        "is_active": true,
        "is_superuser": false,
        "is_staff": false,
        "last_login": "2018-02-19T09:36:25.494Z",
        "groups": [],
        "user_permissions": [],
        "password": "",
        "email": "",
        "date_joined": "2018-02-19T09:36:25.494Z"
    }
}, {
    "pk": 1,
    "model": "auth.user",
    "fields": {
        "username": "admin",
        "first_name": "",
        "last_name": "",
        "is_active": true,
        "is_superuser": true,
        "is_staff": true,
        "last_login": "2013-12-05T14:56:52.234Z",
        "groups": [1],
        "user_permissions": [],
        "password": "pbkdf2_sha256$10000$sAQ1D0P8lLOR$P2NYGVruL9P+BZiYvzbWwVAyAtBb2WzJMGppFa8Y98k=",
        "email": "admin@example.com",
        "date_joined": "2013-07-23T13:44:15.013Z"
    }
}, {
    "pk": 2,
    "model": "auth.user",
    "fields": {
        "username": "admin2",
        "first_name": "",
        "last_name": "",
        "is_active": true,
        "is_superuser": true,
        "is_staff": true,
        "last_login": "2013-10-29T18:02:19.198Z",
        "groups": [1],
        "user_permissions": [],
        "password": "pbkdf2_sha256$10000$bpyDMwwCacWQ$olBXqLgqmGecgY8QEvUJ/G/E8bjFC8IcDhoyHsv/UoI=",
        "email": "srjones@mitre.org",
        "date_joined": "2013-10-16T13:01:20.880Z"
    }
}, {
    "pk": 3,
    "model": "auth.user",
    "fields": {
        "username": "Joe-Analyst",
        "first_name": "",
        "last_name": "",
        "is_active": true,
        "is_superuser": false,
        "is_staff": false,
        "last_login": "2013-12-05T13:39:57.549Z",
        "groups": [],
        "user_permissions": [],
        "password": "pbkdf2_sha256$10000$Q8K75b16WOWC$YeiMD/7FveR22FkznejQiOGY3Cpid9Q7r0kekEJ6MG4=",
        "email": "",
        "date_joined": "2013-08-26T19:04:31Z"
    }
}, {
    "pk": 4,
    "model": "auth.user",
    "fields": {
        "username": "Suzy-supervisor",
        "first_name": "",
        "last_name": "",
        "is_active": true,
        "is_superuser": false,
        "is_staff": true,
        "last_login": "2013-12-05T13:40:56.373Z",
        "groups": [1],
        "user_permissions": [],
        "password": "pbkdf2_sha256$10000$iRfQVl0fwnxd$F+C1V3AQXBoDxVGHiREPi0r9jsbqUWOJ+HcNoBNUzpo=",
        "email": "",
        "date_joined": "2013-08-26T19:04:41Z"
    }
}, {
    "pk": 5,
    "model": "auth.user",
    "fields": {
        "username": "Roy-reviewer",
        "first_name": "",
        "last_name": "",
        "is_active": true,
        "is_superuser": false,
        "is_staff": false,
        "last_login": "2013-12-05T13:36:15.787Z",
        "groups": [],
        "user_permissions": [],
        "password": "pbkdf2_sha256$10000$IHHllCc6gb0s$QVWKo4PfYO1maMSrVcY7oWNzumnYDYYUBDqRJL1pTqI=",
        "email": "",
        "date_joined": "2013-08-26T19:05:07Z"
    }
}, {
    "pk": 6,
    "model": "auth.user",
    "fields": {
        "username": "Olga-user",
        "first_name": "",
        "last_name": "",
        "is_active": true,
        "is_superuser": false,
        "is_staff": false,
        "last_login": "2013-09-04T19:25:00.126Z",
        "groups": [],
        "user_permissions": [],
        "password": "pbkdf2_sha256$10000$vBtLj7q0lPuj$lWmgEDMaIpP3BLh+ez3UabVO6S10e9+aRhx4BqGOF1Y=",
        "email": "",
        "date_joined": "2013-08-26T19:05:24.028Z"
    }
}, {
    "pk": 7,
    "model": "auth.user",
    "fields": {
        "username": "sodo",
        "first_name": "",
        "last_name": "",
        "is_active": true,
        "is_superuser": true,
        "is_staff": true,
        "last_login": "2018-02-19T20:02:22.809Z",
        "groups": [1],
        "user_permissions": [],
        "password": "pbkdf2_sha256$10000$RYH1CpvZZdP7$t2Sahei2jTym14BYSsGJjoZNWqDRQtpACxIXMCNDJyE=",
        "email": "",
        "date_joined": "2018-02-19T20:01:58.500Z"
    }
}, {
    "pk": 1,
    "model": "admin.logentry",
    "fields": {
        "action_flag": 3,
        "action_time": "2018-02-20T07:55:37.435Z",
        "object_repr": "Hurricane Sandy",
        "object_id": "1",
        "change_message": "",
        "user": 7,
        "content_type": 27
    }
}, {
    "pk": 1,
    "model": "accounts.organization",
    "fields": {
        "primary_contact": 1,
        "name": "R3"
    }
}, {
    "pk": 2,
    "model": "accounts.organization",
    "fields": {
        "primary_contact": 2,
        "name": "MITRE"
    }
}, {
    "pk": 2,
    "model": "accounts.userprofile",
    "fields": {
        "privacy": "registered",
        "last_activity": "2018-02-19T09:36:00.147Z",
        "score": 136,
        "user": 1,
        "mugshot": "mugshots/29c359dab4.png",
        "organization": 2,
        "email": null,
        "openbadge_id": null
    }
}, {
    "pk": 3,
    "model": "accounts.userprofile",
    "fields": {
        "privacy": "registered",
        "last_activity": "2018-02-19T09:36:00.147Z",
        "score": 1,
        "user": 4,
        "mugshot": "mugshots/085c825930.png",
        "organization": 1,
        "email": null,
        "openbadge_id": null
    }
}, {
    "pk": 4,
    "model": "accounts.userprofile",
    "fields": {
        "privacy": "registered",
        "last_activity": "2018-02-19T09:36:00.147Z",
        "score": 1,
        "user": 3,
        "mugshot": "mugshots/e2fa9e6931.png",
        "organization": 1,
        "email": null,
        "openbadge_id": null
    }
}, {
    "pk": 5,
    "model": "accounts.userprofile",
    "fields": {
        "privacy": "registered",
        "last_activity": "2018-02-19T09:36:00.147Z",
        "score": 1,
        "user": 5,
        "mugshot": "mugshots/4579851df4.png",
        "organization": 1,
        "email": null,
        "openbadge_id": null
    }
}, {
    "pk": 6,
    "model": "accounts.userprofile",
    "fields": {
        "privacy": "registered",
        "last_activity": "2018-02-19T09:36:00.147Z",
        "score": 1,
        "user": 6,
        "mugshot": "mugshots/2b1551652d.png",
        "organization": 1,
        "email": null,
        "openbadge_id": null
    }
}, {
    "pk": 7,
    "model": "accounts.userprofile",
    "fields": {
        "privacy": "registered",
        "last_activity": "2018-02-20T14:34:44.779Z",
        "score": 1,
        "user": 7,
        "mugshot": "",
        "organization": null,
        "email": null,
        "openbadge_id": null
    }
}, {
    "pk": 1,
    "model": "accounts.userauthorization",
    "fields": {
        "permission_granted_on": "2018-02-20T07:56:27.575Z",
        "user_profile": 7,
        "permissions_granted_by": null,
        "user_accepted_terms_on": null,
        "authorized": false,
        "user": 7
    }
}, {
    "pk": 2,
    "model": "core.project",
    "fields": {
        "name": "SANITARY PADS COLLECTION IN JUJA TOWN",
        "contributors": [],
        "created_at": "2018-02-19T20:05:09.171Z",
        "updated_at": "2018-02-19T20:37:48.711Z",
        "private": false,
        "project_admins": [7],
        "project_type": "Sanitary Pads Collection",
        "active": true,
        "properties": null,
        "description": "This project consists of sasnitary pad crowdfunding from door to door in Juja town with an aim of raising as much as 1000 sanitary towels.\r\n"
    }
}, {
    "pk": 3,
    "model": "core.project",
    "fields": {
        "name": "SEX EDUCATION AT WANAFUNZI GIRL'S SECONDARY SCHOOL",
        "contributors": [],
        "created_at": "2018-02-20T13:21:36.648Z",
        "updated_at": "2018-02-20T13:21:37.160Z",
        "private": false,
        "project_admins": [7],
        "project_type": "Sex Education",
        "active": true,
        "properties": null,
        "description": "This project was conducted inorder to enlighten the girls at Wanafunzi Secondary School on HIV/AIDS and STDs. THis was aimed at reducing the spread of HIV/AIDS as well as STDs in the youth.This project began on 20th February 2018 and is desired to end on 27th February 2018."
    }
}, {
    "pk": 7,
    "model": "core.job",
    "fields": {
        "project": 2,
        "analysts": [1, 3, 4, 6, 7],
        "name": "GATE A(JKUAT)",
        "tags": "sanitary,pads,sodo",
        "reviewers": [7],
        "created_at": "2018-02-19T20:07:51.490Z",
        "updated_at": "2018-02-19T20:07:52.148Z",
        "teams": [],
        "assignee_id": null,
        "assignee_type": null,
        "map": 3,
        "grid": "usng",
        "editor": "sodo",
        "feature_types": [2],
        "active": true,
        "progress": null,
        "required_courses": [],
        "properties": null,
        "editable_layer": null,
        "description": "This consists of collection within Gate A area of JKUAT main campus."
    }
}, {
    "pk": 8,
    "model": "core.job",
    "fields": {
        "project": 2,
        "analysts": [1, 3, 4, 6, 7],
        "name": "GATE A(JKUAT)",
        "tags": "sanitary,pads,sodo",
        "reviewers": [7],
        "created_at": "2018-02-19T20:22:28.916Z",
        "updated_at": "2018-02-19T20:22:29.081Z",
        "teams": [],
        "assignee_id": null,
        "assignee_type": null,
        "map": 4,
        "grid": "usng",
        "editor": "sodo",
        "feature_types": [2],
        "active": true,
        "progress": null,
        "required_courses": [],
        "properties": null,
        "editable_layer": null,
        "description": "This consists of collection within Gate A area of JKUAT main campus."
    }
}, {
    "pk": 9,
    "model": "core.job",
    "fields": {
        "project": 3,
        "analysts": [1, 7],
        "name": "EDUCATE GIRLS",
        "tags": "HIV,AIDS, SEX,SEX EDUCATION",
        "reviewers": [7],
        "created_at": "2018-02-20T13:23:48.354Z",
        "updated_at": "2018-02-20T13:23:48.832Z",
        "teams": [1],
        "assignee_id": null,
        "assignee_type": null,
        "map": 5,
        "grid": "usng",
        "editor": "sodo",
        "feature_types": [6],
        "active": true,
        "progress": null,
        "required_courses": [],
        "properties": null,
        "editable_layer": null,
        "description": "Aim at educate girls on HIV/AIDS"
    }
}, {
    "pk": 7239,
    "model": "core.aoi",
    "fields": {
        "status": "Unassigned",
        "priority": 5,
        "cellStarted_at": null,
        "name": "GATE A(JKUAT)",
        "cellFinished_at": null,
        "reviewers": [],
        "created_at": "2018-02-19T20:14:08.259Z",
        "cellAssigned_at": null,
        "updated_at": "2018-02-19T20:14:08.259Z",
        "analyst": null,
        "assignee_id": null,
        "assignee_type": null,
        "job": 7,
        "cellWaitingReview_at": null,
        "active": true,
        "polygon": "MULTIPOLYGON (((37.0167481899261475 -1.0992091021107702, 37.0167481899261475 -1.0977502489211117, 37.0191407203674316 -1.0977502489211117, 37.0191407203674316 -1.0992091021107702, 37.0167481899261475 -1.0992091021107702)))",
        "cellCreated_at": null,
        "cellInReview_at": null,
        "properties": "{\"priority\":4}",
        "description": "This consists of collection within Gate A area of JKUAT main campus."
    }
}, {
    "pk": 7240,
    "model": "core.aoi",
    "fields": {
        "status": "Unassigned",
        "priority": 5,
        "cellStarted_at": null,
        "name": "GATE A(JKUAT)",
        "cellFinished_at": null,
        "reviewers": [],
        "created_at": "2018-02-19T20:14:08.259Z",
        "cellAssigned_at": null,
        "updated_at": "2018-02-19T20:14:08.259Z",
        "analyst": null,
        "assignee_id": null,
        "assignee_type": null,
        "job": 7,
        "cellWaitingReview_at": null,
        "active": true,
        "polygon": "MULTIPOLYGON (((37.0143556594848633 -1.1021268084900870, 37.0143556594848633 -1.1006679553004286, 37.0167481899261475 -1.1006679553004286, 37.0167481899261475 -1.1021268084900870, 37.0143556594848633 -1.1021268084900870)))",
        "cellCreated_at": null,
        "cellInReview_at": null,
        "properties": "{\"priority\":1}",
        "description": "This consists of collection within Gate A area of JKUAT main campus."
    }
}, {
    "pk": 7241,
    "model": "core.aoi",
    "fields": {
        "status": "Unassigned",
        "priority": 5,
        "cellStarted_at": null,
        "name": "GATE A(JKUAT)",
        "cellFinished_at": null,
        "reviewers": [],
        "created_at": "2018-02-19T20:14:08.260Z",
        "cellAssigned_at": null,
        "updated_at": "2018-02-19T20:14:08.260Z",
        "analyst": null,
        "assignee_id": null,
        "assignee_type": null,
        "job": 7,
        "cellWaitingReview_at": null,
        "active": true,
        "polygon": "MULTIPOLYGON (((37.0143556594848633 -1.1006679553004286, 37.0143556594848633 -1.0992091021107702, 37.0167481899261475 -1.0992091021107702, 37.0167481899261475 -1.1006679553004286, 37.0143556594848633 -1.1006679553004286)))",
        "cellCreated_at": null,
        "cellInReview_at": null,
        "properties": "{\"priority\":1}",
        "description": "This consists of collection within Gate A area of JKUAT main campus."
    }
}, {
    "pk": 7242,
    "model": "core.aoi",
    "fields": {
        "status": "Unassigned",
        "priority": 5,
        "cellStarted_at": null,
        "name": "GATE A(JKUAT)",
        "cellFinished_at": null,
        "reviewers": [],
        "created_at": "2018-02-19T20:14:08.260Z",
        "cellAssigned_at": null,
        "updated_at": "2018-02-19T20:14:08.260Z",
        "analyst": null,
        "assignee_id": null,
        "assignee_type": null,
        "job": 7,
        "cellWaitingReview_at": null,
        "active": true,
        "polygon": "MULTIPOLYGON (((37.0167481899261475 -1.1021268084900870, 37.0167481899261475 -1.1006679553004286, 37.0191407203674316 -1.1006679553004286, 37.0191407203674316 -1.1021268084900870, 37.0167481899261475 -1.1021268084900870)))",
        "cellCreated_at": null,
        "cellInReview_at": null,
        "properties": "{\"priority\":1}",
        "description": "This consists of collection within Gate A area of JKUAT main campus."
    }
}, {
    "pk": 7243,
    "model": "core.aoi",
    "fields": {
        "status": "Completed",
        "priority": 5,
        "cellStarted_at": "2018-02-19T20:14:27.070Z",
        "name": "GATE A(JKUAT)",
        "cellFinished_at": "2018-02-19T20:21:42.553Z",
        "reviewers": [],
        "created_at": "2018-02-19T20:14:08.260Z",
        "cellAssigned_at": null,
        "updated_at": "2018-02-19T20:21:42.555Z",
        "analyst": 7,
        "assignee_id": null,
        "assignee_type": null,
        "job": 7,
        "cellWaitingReview_at": null,
        "active": true,
        "polygon": "MULTIPOLYGON (((37.0167481899261475 -1.1006679553004286, 37.0167481899261475 -1.0992091021107702, 37.0191407203674316 -1.0992091021107702, 37.0191407203674316 -1.1006679553004286, 37.0167481899261475 -1.1006679553004286)))",
        "cellCreated_at": null,
        "cellInReview_at": null,
        "properties": "{\"priority\":1}",
        "description": "This consists of collection within Gate A area of JKUAT main campus."
    }
}, {
    "pk": 7244,
    "model": "core.aoi",
    "fields": {
        "status": "Unassigned",
        "priority": 5,
        "cellStarted_at": null,
        "name": "GATE A(JKUAT)",
        "cellFinished_at": null,
        "reviewers": [],
        "created_at": "2018-02-19T20:14:08.260Z",
        "cellAssigned_at": null,
        "updated_at": "2018-02-19T20:14:08.260Z",
        "analyst": null,
        "assignee_id": null,
        "assignee_type": null,
        "job": 7,
        "cellWaitingReview_at": null,
        "active": true,
        "polygon": "MULTIPOLYGON (((37.0143556594848633 -1.1035856616797455, 37.0143556594848633 -1.1021268084900870, 37.0167481899261475 -1.1021268084900870, 37.0167481899261475 -1.1035856616797455, 37.0143556594848633 -1.1035856616797455)))",
        "cellCreated_at": null,
        "cellInReview_at": null,
        "properties": "{\"priority\":1}",
        "description": "This consists of collection within Gate A area of JKUAT main campus."
    }
}, {
    "pk": 7245,
    "model": "core.aoi",
    "fields": {
        "status": "Unassigned",
        "priority": 5,
        "cellStarted_at": null,
        "name": "GATE A(JKUAT)",
        "cellFinished_at": null,
        "reviewers": [],
        "created_at": "2018-02-19T20:14:08.260Z",
        "cellAssigned_at": null,
        "updated_at": "2018-02-19T20:14:08.260Z",
        "analyst": null,
        "assignee_id": null,
        "assignee_type": null,
        "job": 7,
        "cellWaitingReview_at": null,
        "active": true,
        "polygon": "MULTIPOLYGON (((37.0167481899261475 -1.1050445148694039, 37.0167481899261475 -1.1035856616797455, 37.0191407203674316 -1.1035856616797455, 37.0191407203674316 -1.1050445148694039, 37.0167481899261475 -1.1050445148694039)))",
        "cellCreated_at": null,
        "cellInReview_at": null,
        "properties": "{\"priority\":1}",
        "description": "This consists of collection within Gate A area of JKUAT main campus."
    }
}, {
    "pk": 7246,
    "model": "core.aoi",
    "fields": {
        "status": "Unassigned",
        "priority": 5,
        "cellStarted_at": null,
        "name": "GATE A(JKUAT)",
        "cellFinished_at": null,
        "reviewers": [],
        "created_at": "2018-02-19T20:14:08.261Z",
        "cellAssigned_at": null,
        "updated_at": "2018-02-19T20:14:08.261Z",
        "analyst": null,
        "assignee_id": null,
        "assignee_type": null,
        "job": 7,
        "cellWaitingReview_at": null,
        "active": true,
        "polygon": "MULTIPOLYGON (((37.0167481899261475 -1.1035856616797455, 37.0167481899261475 -1.1021268084900870, 37.0191407203674316 -1.1021268084900870, 37.0191407203674316 -1.1035856616797455, 37.0167481899261475 -1.1035856616797455)))",
        "cellCreated_at": null,
        "cellInReview_at": null,
        "properties": "{\"priority\":1}",
        "description": "This consists of collection within Gate A area of JKUAT main campus."
    }
}, {
    "pk": 7247,
    "model": "core.aoi",
    "fields": {
        "status": "Unassigned",
        "priority": 5,
        "cellStarted_at": null,
        "name": "GATE A(JKUAT)",
        "cellFinished_at": null,
        "reviewers": [],
        "created_at": "2018-02-19T20:14:08.261Z",
        "cellAssigned_at": null,
        "updated_at": "2018-02-19T20:14:08.261Z",
        "analyst": null,
        "assignee_id": null,
        "assignee_type": null,
        "job": 7,
        "cellWaitingReview_at": null,
        "active": true,
        "polygon": "MULTIPOLYGON (((37.0191407203674316 -1.1021268084900870, 37.0191407203674316 -1.1006679553004286, 37.0215332508087158 -1.1006679553004286, 37.0215332508087158 -1.1021268084900870, 37.0191407203674316 -1.1021268084900870)))",
        "cellCreated_at": null,
        "cellInReview_at": null,
        "properties": "{\"priority\":1}",
        "description": "This consists of collection within Gate A area of JKUAT main campus."
    }
}, {
    "pk": 7248,
    "model": "core.aoi",
    "fields": {
        "status": "Unassigned",
        "priority": 5,
        "cellStarted_at": null,
        "name": "GATE A(JKUAT)",
        "cellFinished_at": null,
        "reviewers": [],
        "created_at": "2018-02-19T20:14:08.261Z",
        "cellAssigned_at": null,
        "updated_at": "2018-02-19T20:14:08.261Z",
        "analyst": null,
        "assignee_id": null,
        "assignee_type": null,
        "job": 7,
        "cellWaitingReview_at": null,
        "active": true,
        "polygon": "MULTIPOLYGON (((37.0191407203674316 -1.1006679553004286, 37.0191407203674316 -1.0992091021107702, 37.0215332508087158 -1.0992091021107702, 37.0215332508087158 -1.1006679553004286, 37.0191407203674316 -1.1006679553004286)))",
        "cellCreated_at": null,
        "cellInReview_at": null,
        "properties": "{\"priority\":1}",
        "description": "This consists of collection within Gate A area of JKUAT main campus."
    }
}, {
    "pk": 7249,
    "model": "core.aoi",
    "fields": {
        "status": "Unassigned",
        "priority": 5,
        "cellStarted_at": null,
        "name": "GATE A(JKUAT)",
        "cellFinished_at": null,
        "reviewers": [],
        "created_at": "2018-02-19T20:14:08.261Z",
        "cellAssigned_at": null,
        "updated_at": "2018-02-19T20:14:08.261Z",
        "analyst": null,
        "assignee_id": null,
        "assignee_type": null,
        "job": 7,
        "cellWaitingReview_at": null,
        "active": true,
        "polygon": "MULTIPOLYGON (((37.0143556594848633 -1.1043150882745747, 37.0143556594848633 -1.1035856616797455, 37.0155519247055054 -1.1035856616797455, 37.0155519247055054 -1.1043150882745747, 37.0143556594848633 -1.1043150882745747)))",
        "cellCreated_at": null,
        "cellInReview_at": null,
        "properties": "{\"priority\":1}",
        "description": "This consists of collection within Gate A area of JKUAT main campus."
    }
}, {
    "pk": 7250,
    "model": "core.aoi",
    "fields": {
        "status": "Unassigned",
        "priority": 5,
        "cellStarted_at": null,
        "name": "GATE A(JKUAT)",
        "cellFinished_at": null,
        "reviewers": [],
        "created_at": "2018-02-19T20:14:08.261Z",
        "cellAssigned_at": null,
        "updated_at": "2018-02-19T20:14:08.261Z",
        "analyst": null,
        "assignee_id": null,
        "assignee_type": null,
        "job": 7,
        "cellWaitingReview_at": null,
        "active": true,
        "polygon": "MULTIPOLYGON (((37.0155519247055054 -1.1050445148694039, 37.0155519247055054 -1.1043150882745747, 37.0167481899261475 -1.1043150882745747, 37.0167481899261475 -1.1050445148694039, 37.0155519247055054 -1.1050445148694039)))",
        "cellCreated_at": null,
        "cellInReview_at": null,
        "properties": "{\"priority\":1}",
        "description": "This consists of collection within Gate A area of JKUAT main campus."
    }
}, {
    "pk": 7251,
    "model": "core.aoi",
    "fields": {
        "status": "Unassigned",
        "priority": 5,
        "cellStarted_at": null,
        "name": "GATE A(JKUAT)",
        "cellFinished_at": null,
        "reviewers": [],
        "created_at": "2018-02-19T20:14:08.262Z",
        "cellAssigned_at": null,
        "updated_at": "2018-02-19T20:14:08.262Z",
        "analyst": null,
        "assignee_id": null,
        "assignee_type": null,
        "job": 7,
        "cellWaitingReview_at": null,
        "active": true,
        "polygon": "MULTIPOLYGON (((37.0155519247055054 -1.1043150882745747, 37.0155519247055054 -1.1035856616797455, 37.0167481899261475 -1.1035856616797455, 37.0167481899261475 -1.1043150882745747, 37.0155519247055054 -1.1043150882745747)))",
        "cellCreated_at": null,
        "cellInReview_at": null,
        "properties": "{\"priority\":1}",
        "description": "This consists of collection within Gate A area of JKUAT main campus."
    }
}, {
    "pk": 7252,
    "model": "core.aoi",
    "fields": {
        "status": "Completed",
        "priority": 5,
        "cellStarted_at": "2018-02-20T13:27:57.863Z",
        "name": "EDUCATE GIRLS",
        "cellFinished_at": "2018-02-20T13:29:31.508Z",
        "reviewers": [],
        "created_at": "2018-02-20T13:27:24.413Z",
        "cellAssigned_at": "2018-02-20T13:28:29.208Z",
        "updated_at": "2018-02-20T13:29:31.510Z",
        "analyst": 7,
        "assignee_id": 1,
        "assignee_type": 2,
        "job": 9,
        "cellWaitingReview_at": null,
        "active": true,
        "polygon": "MULTIPOLYGON (((36.8464064598083496 -1.3094289536549564, 36.8464064598083496 -1.3092385665451545, 36.8466532230377197 -1.3092385665451545, 36.8466532230377197 -1.3094289536549564, 36.8464064598083496 -1.3094289536549564)))",
        "cellCreated_at": null,
        "cellInReview_at": null,
        "properties": "{\"priority\":5}",
        "description": "Aim at educate girls on HIV/AIDS"
    }
}, {
    "pk": 7253,
    "model": "core.aoi",
    "fields": {
        "status": "Unassigned",
        "priority": 5,
        "cellStarted_at": null,
        "name": "EDUCATE GIRLS",
        "cellFinished_at": null,
        "reviewers": [],
        "created_at": "2018-02-20T14:02:55.736Z",
        "cellAssigned_at": null,
        "updated_at": "2018-02-20T14:02:55.736Z",
        "analyst": null,
        "assignee_id": null,
        "assignee_type": null,
        "job": 9,
        "cellWaitingReview_at": null,
        "active": true,
        "polygon": "MULTIPOLYGON (((36.8464064598083496 -1.3094289536549559, 36.8464064598083496 -1.3092385665451540, 36.8466532230377197 -1.3092385665451540, 36.8466532230377197 -1.3094289536549559, 36.8464064598083496 -1.3094289536549559)))",
        "cellCreated_at": null,
        "cellInReview_at": null,
        "properties": "{\"status\":\"Completed\",\"analyst\":\"sodo\",\"absolute_url\":\"/sodo/workcells/work/7252\",\"delete_url\":\"/sodo/aois/deleter/7252\",\"priority\":5,\"assignee\":\"KING KAKA EMPIRE\",\"time\":{\"in_work\":\"2018-02-20 13:27:57.863966+00:00\",\"assigned\":\"2018-02-20 13:28:29.208634+00:00\",\"finished\":\"2018-02-20 13:29:31.508738+00:00\",\"in_review\":\"None\",\"waiting_review\":\"None\"},\"id\":7252}",
        "description": "Aim at educate girls on HIV/AIDS"
    }
}, {
    "pk": 7254,
    "model": "core.aoi",
    "fields": {
        "status": "Unassigned",
        "priority": 5,
        "cellStarted_at": null,
        "name": "EDUCATE GIRLS",
        "cellFinished_at": null,
        "reviewers": [],
        "created_at": "2018-02-20T14:02:55.759Z",
        "cellAssigned_at": null,
        "updated_at": "2018-02-20T14:02:55.759Z",
        "analyst": null,
        "assignee_id": null,
        "assignee_type": null,
        "job": 9,
        "cellWaitingReview_at": null,
        "active": true,
        "polygon": "MULTIPOLYGON (((78.9518737792968750 20.5857029724749054, 78.9518737792968750 20.6016926547273727, 78.9755630493164062 20.6016926547273727, 78.9755630493164062 20.5857029724749054, 78.9518737792968750 20.5857029724749054)))",
        "cellCreated_at": null,
        "cellInReview_at": null,
        "properties": "{\"priority\":1}",
        "description": "Aim at educate girls on HIV/AIDS"
    }
}, {
    "pk": 7255,
    "model": "core.aoi",
    "fields": {
        "status": "Unassigned",
        "priority": 5,
        "cellStarted_at": null,
        "name": "EDUCATE GIRLS",
        "cellFinished_at": null,
        "reviewers": [],
        "created_at": "2018-02-20T14:02:55.759Z",
        "cellAssigned_at": null,
        "updated_at": "2018-02-20T14:02:55.759Z",
        "analyst": null,
        "assignee_id": null,
        "assignee_type": null,
        "job": 9,
        "cellWaitingReview_at": null,
        "active": true,
        "polygon": "MULTIPOLYGON (((78.9755630493164062 20.5857029724749054, 78.9755630493164062 20.6016926547273727, 78.9992523193359375 20.6016926547273727, 78.9992523193359375 20.5857029724749054, 78.9755630493164062 20.5857029724749054)))",
        "cellCreated_at": null,
        "cellInReview_at": null,
        "properties": "{\"priority\":1}",
        "description": "Aim at educate girls on HIV/AIDS"
    }
}, {
    "pk": 7256,
    "model": "core.aoi",
    "fields": {
        "status": "Unassigned",
        "priority": 5,
        "cellStarted_at": null,
        "name": "EDUCATE GIRLS",
        "cellFinished_at": null,
        "reviewers": [],
        "created_at": "2018-02-20T14:02:55.760Z",
        "cellAssigned_at": null,
        "updated_at": "2018-02-20T14:02:55.760Z",
        "analyst": null,
        "assignee_id": null,
        "assignee_type": null,
        "job": 9,
        "cellWaitingReview_at": null,
        "active": true,
        "polygon": "MULTIPOLYGON (((78.9755630493164062 20.6016926547273727, 78.9755630493164062 20.6176823369798434, 78.9992523193359375 20.6176823369798434, 78.9992523193359375 20.6016926547273727, 78.9755630493164062 20.6016926547273727)))",
        "cellCreated_at": null,
        "cellInReview_at": null,
        "properties": "{\"priority\":1}",
        "description": "Aim at educate girls on HIV/AIDS"
    }
}, {
    "pk": 7257,
    "model": "core.aoi",
    "fields": {
        "status": "Unassigned",
        "priority": 5,
        "cellStarted_at": null,
        "name": "EDUCATE GIRLS",
        "cellFinished_at": null,
        "reviewers": [],
        "created_at": "2018-02-20T14:02:55.760Z",
        "cellAssigned_at": null,
        "updated_at": "2018-02-20T14:02:55.760Z",
        "analyst": null,
        "assignee_id": null,
        "assignee_type": null,
        "job": 9,
        "cellWaitingReview_at": null,
        "active": true,
        "polygon": "MULTIPOLYGON (((78.9992523193359375 20.5857029724749054, 78.9992523193359375 20.6016926547273727, 79.0229415893554688 20.6016926547273727, 79.0229415893554688 20.5857029724749054, 78.9992523193359375 20.5857029724749054)))",
        "cellCreated_at": null,
        "cellInReview_at": null,
        "properties": "{\"priority\":4}",
        "description": "Aim at educate girls on HIV/AIDS"
    }
}, {
    "pk": 7258,
    "model": "core.aoi",
    "fields": {
        "status": "Unassigned",
        "priority": 5,
        "cellStarted_at": null,
        "name": "EDUCATE GIRLS",
        "cellFinished_at": null,
        "reviewers": [],
        "created_at": "2018-02-20T14:02:55.760Z",
        "cellAssigned_at": null,
        "updated_at": "2018-02-20T14:02:55.760Z",
        "analyst": null,
        "assignee_id": null,
        "assignee_type": null,
        "job": 9,
        "cellWaitingReview_at": null,
        "active": true,
        "polygon": "MULTIPOLYGON (((78.9992523193359375 20.6016926547273727, 78.9992523193359375 20.6176823369798434, 79.0229415893554688 20.6176823369798434, 79.0229415893554688 20.6016926547273727, 78.9992523193359375 20.6016926547273727)))",
        "cellCreated_at": null,
        "cellInReview_at": null,
        "properties": "{\"priority\":4}",
        "description": "Aim at educate girls on HIV/AIDS"
    }
}, {
    "pk": 7259,
    "model": "core.aoi",
    "fields": {
        "status": "Unassigned",
        "priority": 5,
        "cellStarted_at": null,
        "name": "EDUCATE GIRLS",
        "cellFinished_at": null,
        "reviewers": [],
        "created_at": "2018-02-20T14:02:55.760Z",
        "cellAssigned_at": null,
        "updated_at": "2018-02-20T14:02:55.760Z",
        "analyst": null,
        "assignee_id": null,
        "assignee_type": null,
        "job": 9,
        "cellWaitingReview_at": null,
        "active": true,
        "polygon": "MULTIPOLYGON (((79.0229415893554688 20.5857029724749054, 79.0229415893554688 20.6016926547273727, 79.0466308593750000 20.6016926547273727, 79.0466308593750000 20.5857029724749054, 79.0229415893554688 20.5857029724749054)))",
        "cellCreated_at": null,
        "cellInReview_at": null,
        "properties": "{\"priority\":4}",
        "description": "Aim at educate girls on HIV/AIDS"
    }
}, {
    "pk": 7260,
    "model": "core.aoi",
    "fields": {
        "status": "Unassigned",
        "priority": 5,
        "cellStarted_at": null,
        "name": "EDUCATE GIRLS",
        "cellFinished_at": null,
        "reviewers": [],
        "created_at": "2018-02-20T14:02:55.761Z",
        "cellAssigned_at": null,
        "updated_at": "2018-02-20T14:02:55.761Z",
        "analyst": null,
        "assignee_id": null,
        "assignee_type": null,
        "job": 9,
        "cellWaitingReview_at": null,
        "active": true,
        "polygon": "MULTIPOLYGON (((78.9518737792968750 20.5537236079699674, 78.9518737792968750 20.5697132902224382, 78.9755630493164062 20.5697132902224382, 78.9755630493164062 20.5537236079699674, 78.9518737792968750 20.5537236079699674)))",
        "cellCreated_at": null,
        "cellInReview_at": null,
        "properties": "{\"priority\":4}",
        "description": "Aim at educate girls on HIV/AIDS"
    }
}, {
    "pk": 7261,
    "model": "core.aoi",
    "fields": {
        "status": "Unassigned",
        "priority": 5,
        "cellStarted_at": null,
        "name": "EDUCATE GIRLS",
        "cellFinished_at": null,
        "reviewers": [],
        "created_at": "2018-02-20T14:02:55.761Z",
        "cellAssigned_at": null,
        "updated_at": "2018-02-20T14:02:55.761Z",
        "analyst": null,
        "assignee_id": null,
        "assignee_type": null,
        "job": 9,
        "cellWaitingReview_at": null,
        "active": true,
        "polygon": "MULTIPOLYGON (((78.9518737792968750 20.5697132902224382, 78.9518737792968750 20.5857029724749054, 78.9755630493164062 20.5857029724749054, 78.9755630493164062 20.5697132902224382, 78.9518737792968750 20.5697132902224382)))",
        "cellCreated_at": null,
        "cellInReview_at": null,
        "properties": "{\"priority\":4}",
        "description": "Aim at educate girls on HIV/AIDS"
    }
}, {
    "pk": 7262,
    "model": "core.aoi",
    "fields": {
        "status": "Unassigned",
        "priority": 5,
        "cellStarted_at": null,
        "name": "EDUCATE GIRLS",
        "cellFinished_at": null,
        "reviewers": [],
        "created_at": "2018-02-20T14:02:55.761Z",
        "cellAssigned_at": null,
        "updated_at": "2018-02-20T14:02:55.762Z",
        "analyst": null,
        "assignee_id": null,
        "assignee_type": null,
        "job": 9,
        "cellWaitingReview_at": null,
        "active": true,
        "polygon": "MULTIPOLYGON (((78.9755630493164062 20.5537236079699674, 78.9755630493164062 20.5697132902224382, 78.9992523193359375 20.5697132902224382, 78.9992523193359375 20.5537236079699674, 78.9755630493164062 20.5537236079699674)))",
        "cellCreated_at": null,
        "cellInReview_at": null,
        "properties": "{\"priority\":4}",
        "description": "Aim at educate girls on HIV/AIDS"
    }
}, {
    "pk": 7263,
    "model": "core.aoi",
    "fields": {
        "status": "Unassigned",
        "priority": 5,
        "cellStarted_at": null,
        "name": "EDUCATE GIRLS",
        "cellFinished_at": null,
        "reviewers": [],
        "created_at": "2018-02-20T14:02:55.762Z",
        "cellAssigned_at": null,
        "updated_at": "2018-02-20T14:02:55.762Z",
        "analyst": null,
        "assignee_id": null,
        "assignee_type": null,
        "job": 9,
        "cellWaitingReview_at": null,
        "active": true,
        "polygon": "MULTIPOLYGON (((78.9755630493164062 20.5697132902224382, 78.9755630493164062 20.5857029724749054, 78.9992523193359375 20.5857029724749054, 78.9992523193359375 20.5697132902224382, 78.9755630493164062 20.5697132902224382)))",
        "cellCreated_at": null,
        "cellInReview_at": null,
        "properties": "{\"priority\":4}",
        "description": "Aim at educate girls on HIV/AIDS"
    }
}, {
    "pk": 7264,
    "model": "core.aoi",
    "fields": {
        "status": "Unassigned",
        "priority": 5,
        "cellStarted_at": null,
        "name": "EDUCATE GIRLS",
        "cellFinished_at": null,
        "reviewers": [],
        "created_at": "2018-02-20T14:02:55.762Z",
        "cellAssigned_at": null,
        "updated_at": "2018-02-20T14:02:55.762Z",
        "analyst": null,
        "assignee_id": null,
        "assignee_type": null,
        "job": 9,
        "cellWaitingReview_at": null,
        "active": true,
        "polygon": "MULTIPOLYGON (((78.9992523193359375 20.5537236079699674, 78.9992523193359375 20.5697132902224382, 79.0229415893554688 20.5697132902224382, 79.0229415893554688 20.5537236079699674, 78.9992523193359375 20.5537236079699674)))",
        "cellCreated_at": null,
        "cellInReview_at": null,
        "properties": "{\"priority\":4}",
        "description": "Aim at educate girls on HIV/AIDS"
    }
}, {
    "pk": 7265,
    "model": "core.aoi",
    "fields": {
        "status": "Unassigned",
        "priority": 5,
        "cellStarted_at": null,
        "name": "EDUCATE GIRLS",
        "cellFinished_at": null,
        "reviewers": [],
        "created_at": "2018-02-20T14:02:55.763Z",
        "cellAssigned_at": null,
        "updated_at": "2018-02-20T14:02:55.763Z",
        "analyst": null,
        "assignee_id": null,
        "assignee_type": null,
        "job": 9,
        "cellWaitingReview_at": null,
        "active": true,
        "polygon": "MULTIPOLYGON (((79.0229415893554688 20.5697132902224382, 79.0229415893554688 20.5857029724749054, 79.0466308593750000 20.5857029724749054, 79.0466308593750000 20.5697132902224382, 79.0229415893554688 20.5697132902224382)))",
        "cellCreated_at": null,
        "cellInReview_at": null,
        "properties": "{\"priority\":4}",
        "description": "Aim at educate girls on HIV/AIDS"
    }
}, {
    "pk": 1,
    "model": "core.comment",
    "fields": {
        "text": "Workcell opened",
        "created_at": "2018-02-19T20:14:27.214Z",
        "user": 7,
        "aoi": 7243
    }
}, {
    "pk": 2,
    "model": "core.comment",
    "fields": {
        "text": "Workcell opened",
        "created_at": "2018-02-19T20:17:27.638Z",
        "user": 7,
        "aoi": 7243
    }
}, {
    "pk": 3,
    "model": "core.comment",
    "fields": {
        "text": "changed status to Completed",
        "created_at": "2018-02-19T20:21:42.613Z",
        "user": 7,
        "aoi": 7243
    }
}, {
    "pk": 4,
    "model": "core.comment",
    "fields": {
        "text": "Workcell opened",
        "created_at": "2018-02-20T13:27:58.028Z",
        "user": 7,
        "aoi": 7252
    }
}, {
    "pk": 5,
    "model": "core.comment",
    "fields": {
        "text": "Workcell opened",
        "created_at": "2018-02-20T13:28:54.335Z",
        "user": 7,
        "aoi": 7252
    }
}, {
    "pk": 6,
    "model": "core.comment",
    "fields": {
        "text": "changed status to Completed",
        "created_at": "2018-02-20T13:29:31.610Z",
        "user": 7,
        "aoi": 7252
    }
}, {
    "pk": 112,
    "model": "maps.feature",
    "fields": {
        "status": "In work",
        "created_at": "2018-02-19T20:21:33.750Z",
        "updated_at": "2018-02-19T20:21:33.750Z",
        "aoi": 7243,
        "properties": "{}",
        "project": 2,
        "job": 7,
        "template": 2,
        "the_geom": "POLYGON ((37.0169466733932495 -1.0994880062037926, 37.0172658562660146 -1.0999009903123720, 37.0178264379501343 -1.0995711393731058, 37.0177593827247549 -1.0999224440307429, 37.0184513926506042 -1.0995550490824511, 37.0183548331260681 -1.1003300646503613, 37.0174482464790344 -1.1002764303614951, 37.0168501138687134 -1.1001048006306098, 37.0169466733932495 -1.0994880062037926))",
        "analyst": 7
    }
}, {
    "pk": 113,
    "model": "maps.feature",
    "fields": {
        "status": "Completed",
        "created_at": "2018-02-20T13:29:09.311Z",
        "updated_at": "2018-02-20T13:29:09.311Z",
        "aoi": 7252,
        "properties": "{}",
        "project": 3,
        "job": 9,
        "template": 6,
        "the_geom": "POINT (36.8465502932667732 -1.3093277267109247)",
        "analyst": 7
    }
}]